id,first_name,last_name,email,gender,ip_address,orientation,last_update,birthday,username
2,Annabelle,Coulthurst,acoulthurst0@printfriendly.com,2,132.130.185.109,1,7/30/2020,11/3/1970,acoulthurst0
3,Lina,Stickney,lstickney1@is.gd,1,46.16.136.7,2,7/23/2020,9/2/1984,lstickney1
4,Baldwin,Crocroft,bcrocroft2@dmoz.org,2,58.37.48.100,3,4/30/2020,5/17/1949,bcrocroft2
5,Ursulina,Gurney,ugurney3@mac.com,1,19.33.90.172,4,6/14/2020,9/21/1947,ugurney3
6,Cirilo,Reece,creece4@senate.gov,1,5.178.120.22,5,3/26/2020,3/24/1971,creece4
7,Nady,Ofener,nofener5@foxnews.com,1,157.161.14.103,6,5/30/2020,11/5/1957,nofener5
8,Cris,Rouke,crouke6@multiply.com,1,84.212.45.2,7,8/31/2020,1/26/1958,crouke6
9,Gaston,Birdfield,gbirdfield7@mlb.com,2,43.245.5.168,8,9/23/2020,3/15/1958,gbirdfield7
10,Jermain,Hrishchenko,jhrishchenko8@behance.net,1,103.206.57.214,9,9/10/2020,7/2/1946,jhrishchenko8
11,Heinrick,Yankov,hyankov9@google.co.jp,2,202.79.181.16,10,5/15/2020,7/4/1951,hyankov9
12,Ferguson,Sherrett,fsherretta@nih.gov,1,106.90.249.138,11,11/24/2020,12/5/1985,fsherretta
13,Tiffanie,Maxsted,tmaxstedb@istockphoto.com,2,111.243.134.252,12,7/31/2020,4/16/1943,tmaxstedb
14,Alyosha,Turfrey,aturfreyc@loc.gov,2,71.123.32.142,13,11/3/2020,3/26/1960,aturfreyc
15,Kirsteni,Paridge,kparidged@bigcartel.com,1,192.41.59.188,14,2/8/2021,7/4/1952,kparidged
16,Marley,Whithorn,mwhithorne@wordpress.org,1,216.177.37.186,15,12/17/2020,11/13/1961,mwhithorne
17,Hall,Offen,hoffenf@hatena.ne.jp,1,137.62.147.146,16,9/4/2020,6/1/1971,hoffenf
18,Scarlett,Locard,slocardg@unc.edu,1,184.196.21.119,17,2/15/2021,12/29/1955,slocardg
19,Jada,O' Driscoll,jodriscollh@vkontakte.ru,1,191.52.243.158,18,2/16/2021,2/20/1991,jodriscollh
20,Audra,Paliser,apaliseri@parallels.com,1,210.214.3.214,19,4/22/2020,10/5/1969,apaliseri
21,Robina,Daid,rdaidj@goo.ne.jp,1,32.203.187.86,20,11/30/2020,5/23/1981,rdaidj
22,Dyna,Van den Oord,dvandenoordk@google.es,2,247.228.104.222,21,5/22/2020,1/15/1949,dvandenoordk
23,Laurella,Jaqueminet,ljaqueminetl@soundcloud.com,2,102.64.252.36,22,10/13/2020,6/18/1994,ljaqueminetl
24,Randolf,Rodder,rrodderm@craigslist.org,2,63.55.40.16,23,10/5/2020,1/27/1955,rrodderm
25,Ailina,Rennebeck,arennebeckn@prlog.org,1,120.46.14.101,24,1/31/2021,6/10/1978,arennebeckn
26,Rayna,De La Coste,rdelacosteo@ocn.ne.jp,2,81.21.230.36,25,12/31/2020,12/10/1950,rdelacosteo
27,Brenda,Lusted,blustedp@netscape.com,2,80.89.68.123,26,9/27/2020,10/23/1962,blustedp
28,Delmore,Ritter,dritterq@addtoany.com,1,148.222.221.193,27,9/19/2020,10/5/1983,dritterq
29,Adrian,Geelan,ageelanr@blog.com,1,191.67.40.220,28,12/14/2020,9/22/1984,ageelanr
30,Maury,Wolford,mwolfords@mac.com,2,159.178.173.131,29,12/23/2020,7/25/1965,mwolfords
31,Tana,Zold,tzoldt@wunderground.com,1,61.188.149.36,30,12/16/2020,4/22/1969,tzoldt
32,Dorothy,Gilroy,dgilroyu@upenn.edu,1,11.238.147.129,31,4/18/2020,3/11/1948,dgilroyu
33,Ellery,Dockray,edockrayv@cargocollective.com,1,121.139.212.216,32,5/3/2020,8/14/1946,edockrayv
34,Kean,Tunnicliffe,ktunnicliffew@gov.uk,1,77.252.181.30,33,12/6/2020,7/16/1954,ktunnicliffew
35,Bret,Hayto,bhaytox@themeforest.net,2,115.119.0.197,34,11/25/2020,7/28/1964,bhaytox
36,Estelle,Greader,egreadery@china.com.cn,1,138.12.230.143,35,1/24/2021,6/26/1946,egreadery
37,Benyamin,Jakoubek,bjakoubekz@examiner.com,1,193.150.131.49,36,9/19/2020,3/25/1997,bjakoubekz
38,Florry,Ogan,fogan10@theguardian.com,2,188.139.74.18,37,7/3/2020,12/31/1957,fogan10
39,Aron,Settle,asettle11@boston.com,2,211.225.120.169,38,8/17/2020,7/2/1958,asettle11
40,Jeana,Pargeter,jpargeter12@abc.net.au,1,229.223.231.57,39,4/20/2020,10/19/1994,jpargeter12
41,Sansone,Flye,sflye13@boston.com,1,67.184.85.18,40,10/19/2020,11/23/1968,sflye13
42,Greta,Jeffels,gjeffels14@wix.com,1,50.43.145.76,41,3/23/2020,12/31/1955,gjeffels14
43,Lauralee,Jaffa,ljaffa15@amazon.de,2,123.37.105.143,42,1/2/2021,11/23/1996,ljaffa15
44,Flossi,Whife,fwhife16@opera.com,1,16.102.103.41,43,8/28/2020,8/30/1946,fwhife16
45,Joela,Gehricke,jgehricke17@nsw.gov.au,1,97.32.13.158,44,12/27/2020,7/28/1986,jgehricke17
46,Sapphire,Hewell,shewell18@eventbrite.com,1,11.92.149.92,45,5/13/2020,8/23/1970,shewell18
47,Noellyn,Syalvester,nsyalvester19@vinaora.com,1,34.86.153.238,46,7/12/2020,11/28/1951,nsyalvester19
48,Base,Duchasteau,bduchasteau1a@upenn.edu,1,26.49.216.119,47,5/26/2020,1/18/1997,bduchasteau1a
49,Theodore,Lumb,tlumb1b@printfriendly.com,2,164.168.33.31,48,3/20/2020,7/5/1955,tlumb1b
50,Sacha,Tash,stash1c@nba.com,1,105.180.196.232,49,8/11/2020,8/14/1968,stash1c
51,Carin,Relph,crelph1d@sohu.com,2,26.189.179.249,50,9/3/2020,11/10/1945,crelph1d
52,Stefa,Fessby,sfessby1e@aboutads.info,1,58.84.211.145,51,5/10/2020,10/26/1987,sfessby1e
53,Archer,Velden,avelden1f@php.net,1,66.214.212.31,52,12/16/2020,2/29/1968,avelden1f
54,Jenelle,Raine,jraine1g@instagram.com,1,242.252.157.196,53,9/15/2020,6/27/1954,jraine1g
55,Perla,Pollock,ppollock1h@pbs.org,1,57.128.94.9,54,7/5/2020,2/19/1947,ppollock1h
56,Norah,Rodrigo,nrodrigo1i@e-recht24.de,2,234.99.219.217,55,3/23/2020,10/9/1993,nrodrigo1i
57,Venita,Dilks,vdilks1j@tripod.com,1,78.253.208.81,56,1/23/2021,7/21/1949,vdilks1j
58,Toiboid,Eborall,teborall1k@drupal.org,2,35.229.55.42,57,1/20/2021,1/4/1974,teborall1k
59,Riane,Buckhurst,rbuckhurst1l@artisteer.com,1,113.17.132.176,58,8/27/2020,11/21/1970,rbuckhurst1l
60,Emlynn,Yeend,eyeend1m@examiner.com,1,219.83.0.11,59,7/6/2020,7/12/1990,eyeend1m
61,Vita,Neeves,vneeves1n@accuweather.com,2,51.179.75.168,60,10/12/2020,3/28/1988,vneeves1n
62,Audrie,Cory,acory1o@psu.edu,2,135.62.255.15,61,5/2/2020,8/17/1988,acory1o
63,Audrey,Schulz,aschulz1p@samsung.com,2,225.103.223.166,62,4/15/2020,12/5/1941,aschulz1p
64,Granville,Knight,gknight1q@telegraph.co.uk,1,189.68.134.64,63,5/5/2020,11/9/1987,gknight1q
65,Fonsie,Vasechkin,fvasechkin1r@businessinsider.com,2,116.22.252.145,64,9/19/2020,6/25/1962,fvasechkin1r
66,Yasmin,Beric,yberic1s@squidoo.com,1,58.215.35.140,65,10/4/2020,7/29/1970,yberic1s
67,Gothart,Tolomelli,gtolomelli1t@marriott.com,2,173.73.154.217,66,11/21/2020,10/6/1966,gtolomelli1t
68,Emmanuel,McConachie,emcconachie1u@seesaa.net,2,102.64.164.133,67,2/19/2021,8/19/1941,emcconachie1u
69,Brad,Pattisson,bpattisson1v@ask.com,1,22.147.26.165,68,9/24/2020,2/27/1995,bpattisson1v
70,Jonas,Loachhead,jloachhead1w@cloudflare.com,1,76.194.127.72,69,2/23/2021,10/28/1970,jloachhead1w
71,Latrina,Manvell,lmanvell1x@php.net,1,79.19.65.4,70,9/28/2020,3/9/1999,lmanvell1x
72,Marcel,Ashmore,mashmore1y@naver.com,1,200.28.8.116,71,9/28/2020,8/14/1945,mashmore1y
73,Pincus,Wickens,pwickens1z@behance.net,1,231.207.187.170,72,1/11/2021,8/25/1989,pwickens1z
74,Merry,Tevelov,mtevelov20@youku.com,2,78.109.177.82,73,1/4/2021,3/13/1944,mtevelov20
75,Chris,Danser,cdanser21@oakley.com,1,179.195.109.248,74,5/5/2020,11/6/1989,cdanser21
76,Diena,Dumbelton,ddumbelton22@theatlantic.com,2,243.45.35.97,75,4/6/2020,5/29/1972,ddumbelton22
77,Gabie,Gowman,ggowman23@weibo.com,1,136.245.84.26,76,12/18/2020,4/20/1968,ggowman23
78,Matias,Perelli,mperelli24@google.com.hk,1,48.109.225.212,77,5/10/2020,3/30/1955,mperelli24
79,Lainey,Quigg,lquigg25@vistaprint.com,1,11.112.15.67,78,1/5/2021,2/8/1965,lquigg25
80,Winne,Brizland,wbrizland26@flickr.com,2,154.102.230.160,79,12/4/2020,4/15/1996,wbrizland26
81,Krista,Rothera,krothera27@ted.com,1,124.223.194.203,80,5/18/2020,12/20/1945,krothera27
82,Sophie,Ioselevich,sioselevich28@cbc.ca,1,114.232.111.115,81,2/3/2021,11/26/1949,sioselevich28
83,Danya,Worboy,dworboy29@wisc.edu,1,115.106.80.212,82,6/15/2020,6/15/1989,dworboy29
84,Ashbey,Maso,amaso2a@adobe.com,1,128.186.249.70,83,4/26/2020,4/5/1997,amaso2a
85,Rivi,Stot,rstot2b@live.com,2,30.134.97.188,84,10/13/2020,6/28/1957,rstot2b
86,Vladimir,Cockshot,vcockshot2c@prlog.org,2,252.255.223.124,85,10/4/2020,6/24/1990,vcockshot2c
87,Dill,Risby,drisby2d@loc.gov,1,57.154.161.30,86,4/21/2020,10/1/1953,drisby2d
88,Stormi,Snashall,ssnashall2e@mlb.com,1,224.121.109.231,87,6/14/2020,10/9/1988,ssnashall2e
89,Ariela,Banfield,abanfield2f@oracle.com,1,113.250.62.154,88,7/26/2020,1/25/1942,abanfield2f
90,Bonita,Piniur,bpiniur2g@cdbaby.com,2,95.177.60.62,89,1/7/2021,3/2/1979,bpiniur2g
91,Barnabas,Cordy,bcordy2h@salon.com,1,195.1.205.131,90,4/24/2020,11/9/1985,bcordy2h
92,Banky,Phelit,bphelit2i@arstechnica.com,2,15.195.20.227,91,9/21/2020,5/27/1992,bphelit2i
93,Hagan,Cartmael,hcartmael2j@ehow.com,1,146.151.211.136,92,1/13/2021,1/24/1950,hcartmael2j
94,Pernell,Healing,phealing2k@hc360.com,1,40.215.155.85,93,4/4/2020,1/24/1973,phealing2k
95,Naomi,Bantham,nbantham2l@domainmarket.com,2,94.174.188.199,94,2/25/2021,8/7/1947,nbantham2l
96,Marney,Kelcey,mkelcey2m@blogs.com,2,116.23.154.19,95,8/8/2020,10/24/1949,mkelcey2m
97,Asia,Anan,aanan2n@samsung.com,1,229.247.46.225,96,5/5/2020,1/8/1960,aanan2n
98,Maressa,Gosnold,mgosnold2o@mac.com,2,127.164.141.102,97,5/1/2020,10/15/1947,mgosnold2o
99,Vida,Swinyard,vswinyard2p@nydailynews.com,1,229.90.183.138,98,8/9/2020,1/17/1979,vswinyard2p
100,Peta,Shoute,pshoute2q@usa.gov,1,139.240.111.106,99,10/1/2020,6/23/1950,pshoute2q
101,Eldin,Craze,ecraze2r@fc2.com,1,28.163.12.175,100,1/18/2021,8/3/1973,ecraze2r
102,Radcliffe,Borg-Bartolo,rborgbartolo2s@wsj.com,2,95.51.165.4,101,8/7/2020,11/30/1955,rborgbartolo2s
103,Zebulen,Penton,zpenton2t@sbwire.com,2,73.226.38.171,102,2/18/2021,9/10/1949,zpenton2t
104,Witty,Klimmek,wklimmek2u@1688.com,1,255.239.58.36,103,11/17/2020,6/27/1961,wklimmek2u
105,Larry,Fretwell,lfretwell2v@twitter.com,1,127.98.52.191,104,6/6/2020,4/20/1995,lfretwell2v
106,Gery,Sherbrook,gsherbrook2w@sbwire.com,1,195.75.57.144,105,12/25/2020,3/6/1956,gsherbrook2w
107,Abie,Gundry,agundry2x@cargocollective.com,1,224.134.75.28,106,9/11/2020,7/11/1993,agundry2x
108,Letti,Lopes,llopes2y@godaddy.com,2,17.5.70.252,107,4/5/2020,3/22/1991,llopes2y
109,Bel,Fanning,bfanning2z@si.edu,1,147.7.235.47,108,3/23/2020,8/7/1989,bfanning2z
110,Merla,Lunney,mlunney30@cocolog-nifty.com,1,105.156.147.251,109,12/5/2020,8/15/1989,mlunney30
111,Myranda,Lodder,mlodder31@youtu.be,2,133.37.229.2,110,10/19/2020,10/31/1961,mlodder31
112,Cathie,Moyles,cmoyles32@blogger.com,2,75.92.219.246,111,7/11/2020,9/28/1969,cmoyles32
113,Darcy,Haylett,dhaylett33@bandcamp.com,1,179.101.233.188,112,12/4/2020,5/23/1987,dhaylett33
114,Yorgo,Drife,ydrife34@ucsd.edu,2,1.255.187.89,113,1/1/2021,2/24/1984,ydrife34
115,Finlay,Jaynes,fjaynes35@meetup.com,2,157.77.220.55,114,4/29/2020,4/20/1958,fjaynes35
116,Tori,Noni,tnoni36@ibm.com,2,223.85.129.181,115,12/10/2020,4/5/1981,tnoni36
117,Juline,Blockley,jblockley37@geocities.com,2,34.11.141.255,116,9/23/2020,5/28/1964,jblockley37
118,Jerrold,Stephens,jstephens38@howstuffworks.com,1,60.234.147.152,117,6/2/2020,11/17/1977,jstephens38
119,Jud,Greatham,jgreatham39@businessweek.com,1,94.228.142.113,118,6/16/2020,11/20/1969,jgreatham39
120,Mirella,Dighton,mdighton3a@ucla.edu,2,27.208.60.33,119,8/31/2020,12/7/1984,mdighton3a
121,Romona,Broster,rbroster3b@bbb.org,1,231.79.227.137,120,12/5/2020,2/22/1979,rbroster3b
122,Gerome,Massard,gmassard3c@weibo.com,2,54.233.236.50,121,10/8/2020,3/17/1951,gmassard3c
123,Derrek,Osbaldstone,dosbaldstone3d@go.com,2,45.21.135.114,122,7/2/2020,7/5/1962,dosbaldstone3d
124,Francisco,Feldharker,ffeldharker3e@instagram.com,1,27.200.181.153,123,3/11/2021,3/7/1991,ffeldharker3e
125,Francisco,Verlinde,fverlinde3f@google.it,2,231.149.175.233,124,2/4/2021,4/18/1947,fverlinde3f
126,Ann-marie,Prisley,aprisley3g@yolasite.com,2,55.98.90.168,125,1/18/2021,11/7/1943,aprisley3g
127,Gregor,Skill,gskill3h@github.io,2,160.92.9.212,126,5/4/2020,3/3/1950,gskill3h
128,Elka,Scadden,escadden3i@spiegel.de,1,26.113.126.70,127,8/15/2020,10/27/1978,escadden3i
129,Ester,Elvish,eelvish3j@xrea.com,1,221.45.245.246,128,2/21/2021,3/11/1952,eelvish3j
130,Rhody,Gosnell,rgosnell3k@tinyurl.com,1,188.128.208.217,129,6/13/2020,1/23/1979,rgosnell3k
131,Delainey,Jauncey,djauncey3l@a8.net,1,0.69.43.50,130,9/23/2020,11/2/1998,djauncey3l
132,Charin,Levey,clevey3m@yahoo.co.jp,1,69.173.252.215,131,10/2/2020,2/2/1955,clevey3m
133,Mavis,Longega,mlongega3n@diigo.com,2,199.206.195.187,132,7/3/2020,7/26/1980,mlongega3n
134,Karlik,Grishechkin,kgrishechkin3o@mtv.com,2,189.85.121.215,133,11/29/2020,2/2/1969,kgrishechkin3o
135,Rinaldo,O' Reagan,roreagan3p@discuz.net,2,156.3.201.107,134,7/24/2020,3/28/1992,roreagan3p
136,Myca,Pentland,mpentland3q@tripod.com,1,70.180.98.15,135,4/3/2020,6/17/1972,mpentland3q
137,Dorie,Willans,dwillans3r@histats.com,2,113.107.39.116,136,7/6/2020,9/19/1955,dwillans3r
138,Cecilia,Mordacai,cmordacai3s@etsy.com,1,184.130.172.191,137,1/28/2021,8/25/1982,cmordacai3s
139,Inez,Clampe,iclampe3t@sfgate.com,1,123.138.81.134,138,11/4/2020,11/14/1952,iclampe3t
140,Tripp,Widdup,twiddup3u@huffingtonpost.com,2,249.6.56.233,139,11/8/2020,11/10/1962,twiddup3u
141,Romeo,Levay,rlevay3v@photobucket.com,1,182.133.248.78,140,12/13/2020,8/20/1962,rlevay3v
142,Phillipp,Horley,phorley3w@unesco.org,1,169.209.104.224,141,5/4/2020,12/18/1985,phorley3w
143,Florenza,Slatten,fslatten3x@forbes.com,1,36.49.20.77,142,4/2/2020,8/16/1989,fslatten3x
144,Wildon,Sappell,wsappell3y@myspace.com,2,210.1.181.249,143,4/24/2020,1/19/1981,wsappell3y
145,Ranna,Le Blanc,rleblanc3z@paypal.com,2,235.26.62.136,144,9/8/2020,1/16/1971,rleblanc3z
146,Ulrich,Tratton,utratton40@sohu.com,1,177.142.212.205,145,4/27/2020,9/3/1983,utratton40
147,Emiline,holmes,eholmes41@last.fm,1,244.108.108.94,146,4/17/2020,7/27/1956,eholmes41
148,Dame,Desaur,ddesaur42@over-blog.com,2,144.112.110.67,147,2/20/2021,9/24/1992,ddesaur42
149,Lauretta,Hardin,lhardin43@sogou.com,1,110.104.209.11,148,5/19/2020,2/8/1944,lhardin43
150,Janith,Bolsteridge,jbolsteridge44@netlog.com,1,174.207.253.80,149,9/10/2020,3/8/1966,jbolsteridge44
151,Allissa,Debenham,adebenham45@washington.edu,1,3.77.98.66,150,2/3/2021,12/21/1995,adebenham45
152,Trula,Broadhurst,tbroadhurst46@marketwatch.com,1,92.42.130.102,151,3/7/2021,12/24/1962,tbroadhurst46
153,Fanni,Christoffe,fchristoffe47@bbb.org,1,53.179.216.176,152,11/2/2020,9/19/1988,fchristoffe47
154,Steffie,Stallen,sstallen48@dropbox.com,1,172.243.229.35,153,7/9/2020,5/2/1946,sstallen48
155,Atalanta,Pullan,apullan49@ovh.net,1,17.148.238.104,154,1/27/2021,10/10/1977,apullan49
156,Armstrong,Paynes,apaynes4a@ucoz.ru,2,151.23.204.194,155,3/22/2020,1/24/1947,apaynes4a
157,Mireielle,Stanyer,mstanyer4b@sakura.ne.jp,1,34.175.43.222,156,11/12/2020,12/14/1941,mstanyer4b
158,Eyde,Juggins,ejuggins4c@nymag.com,2,30.44.51.96,157,7/30/2020,7/27/1968,ejuggins4c
159,Juli,Quenby,jquenby4d@huffingtonpost.com,2,192.95.164.205,158,7/3/2020,9/25/1994,jquenby4d
160,Bettye,Drummond,bdrummond4e@psu.edu,2,250.16.166.136,159,11/15/2020,8/14/1968,bdrummond4e
161,Carlie,Tinsey,ctinsey4f@boston.com,1,206.115.97.109,160,4/12/2020,6/27/1952,ctinsey4f
162,Kendre,Garwill,kgarwill4g@dedecms.com,1,165.196.240.73,161,12/11/2020,5/26/1991,kgarwill4g
163,Yorgo,Hancock,yhancock4h@tiny.cc,1,90.71.56.24,162,8/20/2020,3/9/1975,yhancock4h
164,Fawn,Kraut,fkraut4i@squidoo.com,1,5.64.171.110,163,6/21/2020,10/12/1986,fkraut4i
165,Arvie,Tomlins,atomlins4j@google.co.jp,1,127.79.160.91,164,6/20/2020,9/27/1997,atomlins4j
166,Elvin,Jickles,ejickles4k@bigcartel.com,2,130.185.4.56,165,8/15/2020,12/11/1961,ejickles4k
167,Myrta,Dossit,mdossit4l@narod.ru,2,51.27.197.79,166,1/12/2021,1/31/1964,mdossit4l
168,Mirilla,Brockway,mbrockway4m@skype.com,1,124.33.186.117,167,2/9/2021,7/24/1969,mbrockway4m
169,Alisun,Dover,adover4n@miitbeian.gov.cn,2,182.166.41.243,168,8/31/2020,5/28/1945,adover4n
170,Elayne,Overil,eoveril4o@wired.com,1,206.248.146.46,169,12/16/2020,4/26/1970,eoveril4o
171,Elliot,Elven,eelven4p@is.gd,2,198.108.128.109,170,5/21/2020,9/9/1952,eelven4p
172,Erma,Trice,etrice4q@ed.gov,1,173.187.159.141,171,9/8/2020,7/7/1942,etrice4q
173,Susannah,de Wilde,sdewilde4r@census.gov,2,67.111.77.244,172,9/3/2020,10/19/1991,sdewilde4r
174,Evelyn,De Atta,edeatta4s@themeforest.net,1,0.9.238.44,173,8/30/2020,11/4/1962,edeatta4s
175,Fairfax,Lidgley,flidgley4t@storify.com,2,7.134.135.92,174,8/12/2020,11/7/1950,flidgley4t
176,Aloin,Closs,acloss4u@dedecms.com,1,71.74.197.87,175,6/14/2020,11/15/1943,acloss4u
177,Ethe,Locard,elocard4v@auda.org.au,2,25.139.238.116,176,8/13/2020,3/30/1954,elocard4v
178,Temple,Elsay,telsay4w@vimeo.com,1,13.170.85.46,177,5/9/2020,9/29/1991,telsay4w
179,Reinaldo,O'Henery,rohenery4x@state.tx.us,1,107.176.85.117,178,2/3/2021,10/10/1945,rohenery4x
180,Gene,Zotto,gzotto4y@linkedin.com,1,48.61.171.36,179,4/8/2020,4/15/1976,gzotto4y
181,Levey,Beardsley,lbeardsley4z@apple.com,2,108.161.52.137,180,3/9/2021,7/17/1979,lbeardsley4z
182,Anestassia,Bangiard,abangiard50@webnode.com,2,201.18.91.56,181,4/12/2020,4/12/1971,abangiard50
183,Merrill,Farrance,mfarrance51@cnn.com,1,177.108.51.189,182,2/2/2021,12/15/1976,mfarrance51
184,Jewell,Yardley,jyardley52@free.fr,2,216.161.16.240,183,10/12/2020,5/17/1974,jyardley52
185,Modesty,Meriel,mmeriel53@ucsd.edu,1,84.123.18.200,184,7/5/2020,3/10/1997,mmeriel53
186,Hedwig,Crassweller,hcrassweller54@artisteer.com,2,209.157.224.104,185,9/10/2020,12/17/1957,hcrassweller54
187,Llywellyn,Fransman,lfransman55@microsoft.com,1,215.148.196.210,186,4/9/2020,12/6/1973,lfransman55
188,Nady,Bales,nbales56@1und1.de,1,96.34.255.84,187,7/21/2020,1/6/1982,nbales56
189,Loralie,Petrasso,lpetrasso57@shinystat.com,2,185.221.155.171,188,9/13/2020,3/18/1974,lpetrasso57
190,Jeremias,Wither,jwither58@wikipedia.org,1,185.83.249.10,189,11/1/2020,7/26/1948,jwither58
191,Nikita,McCoole,nmccoole59@home.pl,2,162.80.161.143,190,10/28/2020,11/13/1993,nmccoole59
192,Geordie,Ackhurst,gackhurst5a@tiny.cc,2,243.45.243.181,191,8/3/2020,4/19/1970,gackhurst5a
193,Merwin,Boom,mboom5b@google.ru,2,70.217.95.79,192,10/27/2020,12/21/1964,mboom5b
194,Lazar,Wheble,lwheble5c@xinhuanet.com,2,15.14.117.216,193,2/26/2021,8/29/1957,lwheble5c
195,Neal,Slewcock,nslewcock5d@nih.gov,1,142.43.242.228,194,1/15/2021,6/4/1981,nslewcock5d
196,Joletta,Jendrys,jjendrys5e@google.pl,1,246.106.213.94,195,1/3/2021,5/8/1998,jjendrys5e
197,Rolland,Magauran,rmagauran5f@seattletimes.com,2,137.96.204.250,196,10/10/2020,12/16/1964,rmagauran5f
198,Mathe,Filpo,mfilpo5g@nymag.com,2,33.24.167.23,197,5/3/2020,7/28/1998,mfilpo5g
199,Domenic,Bravey,dbravey5h@360.cn,1,172.131.249.229,198,12/4/2020,12/5/1953,dbravey5h
200,Leora,Maudling,lmaudling5i@wiley.com,1,229.4.196.42,199,6/12/2020,11/3/1995,lmaudling5i
201,Dredi,Tudbald,dtudbald5j@ucoz.com,2,129.110.220.145,200,1/23/2021,5/29/1990,dtudbald5j
202,Koenraad,Barizeret,kbarizeret5k@t-online.de,1,186.22.173.244,201,5/15/2020,1/27/1944,kbarizeret5k
203,Inesita,Gresser,igresser5l@nationalgeographic.com,2,102.115.226.182,202,7/23/2020,12/3/1998,igresser5l
204,Karalee,Weatherhead,kweatherhead5m@huffingtonpost.com,2,221.167.239.81,203,2/13/2021,2/1/1991,kweatherhead5m
205,Lexine,Center,lcenter5n@bbb.org,1,110.103.55.229,204,11/10/2020,4/10/1970,lcenter5n
206,Raymund,Danielsohn,rdanielsohn5o@google.it,2,143.217.110.101,205,7/6/2020,2/11/1947,rdanielsohn5o
207,Alexandros,Ralestone,aralestone5p@un.org,1,142.27.105.126,206,11/10/2020,6/10/1994,aralestone5p
208,Linus,Hynd,lhynd5q@wikia.com,1,152.21.176.97,207,8/26/2020,9/18/1964,lhynd5q
209,Chrissie,Ruane,cruane5r@pcworld.com,2,251.180.159.175,208,11/12/2020,12/5/1987,cruane5r
210,Shepherd,Peyzer,speyzer5s@miibeian.gov.cn,2,251.85.215.123,209,4/15/2020,12/24/1965,speyzer5s
211,Jaimie,Kernermann,jkernermann5t@java.com,2,133.181.207.228,210,2/14/2021,5/11/1985,jkernermann5t
212,Dirk,Tanswell,dtanswell5u@opensource.org,1,123.213.92.37,211,12/25/2020,9/18/1971,dtanswell5u
213,Lishe,Sloey,lsloey5v@netscape.com,1,103.95.160.100,212,6/13/2020,10/1/1998,lsloey5v
214,Wileen,Grout,wgrout5w@amazon.co.jp,1,245.71.49.74,213,6/26/2020,7/3/1946,wgrout5w
215,Gerladina,Doblin,gdoblin5x@feedburner.com,1,26.128.228.163,214,4/6/2020,10/27/1974,gdoblin5x
216,Arluene,Baldrey,abaldrey5y@desdev.cn,2,104.74.149.41,215,4/10/2020,12/1/1963,abaldrey5y
217,Griz,Raggatt,graggatt5z@facebook.com,1,143.95.192.220,216,1/7/2021,11/29/1979,graggatt5z
218,Gelya,Thompsett,gthompsett60@unblog.fr,1,173.169.213.38,217,2/25/2021,9/20/1960,gthompsett60
219,Bette-ann,Bote,bbote61@dell.com,2,91.21.212.28,218,10/17/2020,11/18/1983,bbote61
220,Moselle,Benmore,mbenmore62@xing.com,2,105.55.12.90,219,4/27/2020,7/14/1960,mbenmore62
221,Bibbye,Puzey,bpuzey63@wikispaces.com,1,217.233.234.125,220,10/18/2020,3/26/1976,bpuzey63
222,Fabio,Killock,fkillock64@sciencedirect.com,1,73.18.69.33,221,11/20/2020,7/23/1960,fkillock64
223,Leeland,Brammer,lbrammer65@umich.edu,2,118.132.193.83,222,2/21/2021,7/26/1940,lbrammer65
224,Abigail,Nelhams,anelhams66@imdb.com,1,252.200.123.59,223,3/23/2020,9/27/1983,anelhams66
225,Howie,Sentinella,hsentinella67@delicious.com,2,46.88.167.208,224,12/16/2020,8/13/1983,hsentinella67
226,Tine,Clausner,tclausner68@desdev.cn,1,212.206.59.41,225,8/5/2020,7/3/1950,tclausner68
227,Willetta,Woolner,wwoolner69@tmall.com,1,11.133.170.113,226,8/12/2020,7/14/1983,wwoolner69
228,Dory,Cornelis,dcornelis6a@behance.net,1,45.150.239.113,227,1/11/2021,11/28/1987,dcornelis6a
229,Dolf,Mendenhall,dmendenhall6b@mediafire.com,1,118.125.183.156,228,10/7/2020,3/24/1944,dmendenhall6b
230,Amandi,Giacomuzzi,agiacomuzzi6c@nbcnews.com,1,30.44.169.190,229,10/31/2020,7/4/1992,agiacomuzzi6c
231,Gerry,Ogden,gogden6d@studiopress.com,1,113.89.51.196,230,10/23/2020,7/25/1946,gogden6d
232,Delora,Braferton,dbraferton6e@upenn.edu,1,244.153.82.11,231,7/12/2020,2/11/1945,dbraferton6e
233,Regan,Thieme,rthieme6f@psu.edu,2,150.143.86.181,232,7/20/2020,10/21/1947,rthieme6f
234,Rob,Nurdin,rnurdin6g@indiegogo.com,2,172.186.242.53,233,5/11/2020,11/16/1947,rnurdin6g
235,Carlin,Friel,cfriel6h@nps.gov,2,120.79.176.8,234,8/10/2020,6/19/1957,cfriel6h
236,Rennie,Raggett,rraggett6i@phoca.cz,2,98.80.213.139,235,11/22/2020,12/1/1981,rraggett6i
237,Kirstin,Huitson,khuitson6j@behance.net,2,122.142.72.202,236,12/26/2020,8/22/1981,khuitson6j
238,Constantine,Sheals,csheals6k@census.gov,1,48.67.151.185,237,1/19/2021,5/10/1995,csheals6k
239,Allissa,Bett,abett6l@google.com.hk,1,97.89.228.214,238,12/16/2020,5/2/1997,abett6l
240,Bess,Borsay,bborsay6m@pinterest.com,1,1.195.250.255,239,7/25/2020,8/5/1980,bborsay6m
241,Flore,Grimmert,fgrimmert6n@foxnews.com,1,1.68.89.4,240,3/17/2021,1/1/1958,fgrimmert6n
242,Jolie,Vanderson,jvanderson6o@go.com,1,248.132.15.122,241,7/29/2020,12/27/1990,jvanderson6o
243,Tabina,Durran,tdurran6p@state.gov,1,223.99.46.185,242,12/21/2020,3/5/1955,tdurran6p
244,Zorina,Fyfield,zfyfield6q@a8.net,2,243.116.42.199,243,5/4/2020,6/11/1992,zfyfield6q
245,Kassia,Roden,kroden6r@unesco.org,1,244.64.235.121,244,5/9/2020,9/16/1975,kroden6r
246,Lexi,Ortes,lortes6s@free.fr,2,156.120.5.104,245,8/13/2020,11/28/1986,lortes6s
247,Lucinda,Fardy,lfardy6t@nydailynews.com,2,168.61.44.183,246,1/15/2021,2/29/1980,lfardy6t
248,Amory,Daft,adaft6u@360.cn,2,48.133.255.97,247,10/10/2020,6/18/1992,adaft6u
249,Roda,Roswarne,rroswarne6v@usgs.gov,2,133.47.163.192,248,2/23/2021,2/24/1999,rroswarne6v
250,Pauly,Thirlwell,pthirlwell6w@wikispaces.com,1,138.242.8.215,249,4/8/2020,1/17/1981,pthirlwell6w
251,Octavius,McAllaster,omcallaster6x@dailymotion.com,1,104.29.173.43,250,9/20/2020,10/21/1982,omcallaster6x
252,Kata,Withams,kwithams6y@google.ca,2,154.83.212.38,251,12/5/2020,8/4/1960,kwithams6y
253,Roz,Dougher,rdougher6z@accuweather.com,2,84.247.157.42,252,11/4/2020,5/1/1995,rdougher6z
254,Luca,Gofford,lgofford70@facebook.com,2,84.90.182.212,253,4/26/2020,8/2/1968,lgofford70
255,Danna,Tallon,dtallon71@shutterfly.com,2,219.176.183.161,254,12/1/2020,4/30/1960,dtallon71
256,Codee,Karoly,ckaroly72@unicef.org,1,176.116.187.87,255,11/8/2020,8/8/1977,ckaroly72
257,Lorant,Colbourne,lcolbourne73@state.gov,1,178.245.37.129,256,8/24/2020,2/11/1951,lcolbourne73
258,Sander,Deeth,sdeeth74@dailymail.co.uk,2,119.39.232.75,257,2/27/2021,3/17/1958,sdeeth74
259,Wrennie,McCay,wmccay75@dagondesign.com,2,243.252.73.213,258,9/23/2020,2/24/1960,wmccay75
260,Levy,Reggiani,lreggiani76@yandex.ru,2,167.71.163.36,259,12/23/2020,9/6/1943,lreggiani76
261,Jania,Bucklan,jbucklan77@webnode.com,2,106.212.153.109,260,11/3/2020,5/15/1981,jbucklan77
262,Gabriela,Raulstone,graulstone78@illinois.edu,2,210.23.89.111,261,10/12/2020,4/21/1985,graulstone78
263,Charmaine,Hendrix,chendrix79@icio.us,1,22.62.132.239,262,9/22/2020,7/4/1942,chendrix79
264,Eirena,Sebring,esebring7a@state.gov,1,202.98.129.164,263,5/14/2020,12/8/1980,esebring7a
265,Rochelle,Hail,rhail7b@mysql.com,1,197.198.158.27,264,11/25/2020,7/1/1978,rhail7b
266,Inness,Novichenko,inovichenko7c@joomla.org,2,21.12.201.49,265,12/4/2020,7/6/1945,inovichenko7c
267,Yoko,Rackstraw,yrackstraw7d@pinterest.com,2,39.144.138.170,266,7/7/2020,1/30/1992,yrackstraw7d
268,Ring,Will,rwill7e@ucla.edu,1,135.214.197.204,267,7/20/2020,10/9/1946,rwill7e
269,Roderigo,Hovard,rhovard7f@simplemachines.org,2,34.150.225.8,268,10/2/2020,3/15/1965,rhovard7f
270,Lelia,Worssam,lworssam7g@howstuffworks.com,1,245.126.82.71,269,7/2/2020,11/1/1962,lworssam7g
271,Dominique,Canario,dcanario7h@google.com.hk,2,90.50.26.127,270,3/24/2020,5/6/1969,dcanario7h
272,Simonne,Rillatt,srillatt7i@theglobeandmail.com,1,33.7.232.126,271,1/5/2021,8/8/1987,srillatt7i
273,Fredelia,Gallehock,fgallehock7j@china.com.cn,1,208.85.171.118,272,10/10/2020,3/19/1961,fgallehock7j
274,Bertrando,Raulston,braulston7k@goo.ne.jp,1,172.184.161.214,273,8/9/2020,4/30/1996,braulston7k
275,Darsie,Vampouille,dvampouille7l@ucoz.com,1,90.20.117.97,274,3/3/2021,5/23/1979,dvampouille7l
276,Hesther,Howland,hhowland7m@microsoft.com,1,169.230.168.59,275,3/20/2020,1/26/1987,hhowland7m
277,Ardenia,Waulker,awaulker7n@furl.net,1,236.221.113.109,276,4/30/2020,7/17/1978,awaulker7n
278,Kinsley,Pettko,kpettko7o@prnewswire.com,1,115.203.115.177,277,8/24/2020,8/11/1942,kpettko7o
279,Feliks,MacGragh,fmacgragh7p@yahoo.com,1,220.241.181.70,278,8/7/2020,12/16/1951,fmacgragh7p
280,Rebe,Marner,rmarner7q@baidu.com,1,222.117.104.140,279,9/12/2020,12/3/1960,rmarner7q
281,Marlene,Poupard,mpoupard7r@princeton.edu,2,113.43.11.247,280,3/20/2020,6/19/1943,mpoupard7r
282,Jennee,McHarry,jmcharry7s@ox.ac.uk,2,28.232.220.78,281,10/8/2020,11/19/1961,jmcharry7s
283,Miller,Witts,mwitts7t@cargocollective.com,1,90.190.246.40,282,5/1/2020,6/2/1998,mwitts7t
284,Wain,Newbigging,wnewbigging7u@theatlantic.com,2,26.35.239.84,283,1/30/2021,10/8/1968,wnewbigging7u
285,Filip,Schuler,fschuler7v@yelp.com,2,24.164.117.150,284,12/17/2020,8/12/1992,fschuler7v
286,Sherlocke,Parman,sparman7w@walmart.com,2,30.220.174.73,285,6/15/2020,10/27/1950,sparman7w
287,Hurleigh,Dacca,hdacca7x@stumbleupon.com,2,68.0.76.84,286,2/7/2021,10/1/1981,hdacca7x
288,Barrie,Rennock,brennock7y@paginegialle.it,2,163.108.37.28,287,3/6/2021,2/20/1944,brennock7y
289,Shepard,Haly,shaly7z@twitpic.com,2,197.157.82.190,288,12/9/2020,1/14/1961,shaly7z
290,Quentin,Rosina,qrosina80@ted.com,2,77.8.131.149,289,7/30/2020,3/29/1967,qrosina80
291,Juanita,Rantoull,jrantoull81@foxnews.com,1,250.153.24.143,290,3/12/2021,7/15/1970,jrantoull81
292,Dietrich,Guiet,dguiet82@home.pl,1,1.103.57.47,291,3/17/2021,11/30/1969,dguiet82
293,Grove,Ivanyushkin,givanyushkin83@comsenz.com,2,56.13.27.248,292,12/3/2020,5/27/1941,givanyushkin83
294,Alberik,Witch,awitch84@domainmarket.com,2,174.135.113.48,293,6/18/2020,2/12/1945,awitch84
295,Karlyn,Yann,kyann85@ucsd.edu,1,48.208.126.189,294,5/17/2020,3/25/1988,kyann85
296,Shay,Woolley,swoolley86@mail.ru,1,16.69.95.68,295,8/13/2020,9/21/1984,swoolley86
297,Cherise,Seakin,cseakin87@microsoft.com,1,218.127.78.12,296,7/28/2020,6/4/1983,cseakin87
298,Franz,Vinnicombe,fvinnicombe88@blogs.com,1,182.200.127.74,297,6/4/2020,3/3/1973,fvinnicombe88
299,Kevin,Corrigan,kcorrigan89@paginegialle.it,1,149.132.198.19,298,2/15/2021,1/7/1977,kcorrigan89
300,Geralda,Dreigher,gdreigher8a@psu.edu,1,105.221.207.157,299,9/29/2020,2/2/1989,gdreigher8a
301,Corbett,Wem,cwem8b@time.com,1,86.210.111.25,300,4/12/2020,6/5/1989,cwem8b
302,Fiorenze,McGilvray,fmcgilvray8c@creativecommons.org,2,252.22.68.74,301,5/28/2020,4/18/1997,fmcgilvray8c
303,Ken,Brandsen,kbrandsen8d@go.com,1,223.127.136.163,302,1/1/2021,4/24/1944,kbrandsen8d
304,Emmott,Ankers,eankers8e@amazon.co.uk,2,204.166.147.37,303,4/8/2020,5/16/1985,eankers8e
305,Arleta,Watmore,awatmore8f@rediff.com,2,157.143.65.48,304,3/20/2020,4/16/1978,awatmore8f
306,Barris,Baird,bbaird8g@nationalgeographic.com,2,86.88.92.251,305,7/21/2020,7/27/1996,bbaird8g
307,Mechelle,Olivari,molivari8h@newyorker.com,1,32.89.137.250,306,9/17/2020,2/27/1952,molivari8h
308,Boonie,Eldon,beldon8i@bluehost.com,1,116.228.167.14,307,4/17/2020,12/22/1986,beldon8i
309,Lyell,Kwietek,lkwietek8j@over-blog.com,2,211.145.115.122,308,3/19/2020,1/30/1992,lkwietek8j
310,Phineas,Vanne,pvanne8k@prweb.com,1,124.96.203.128,309,3/23/2020,3/30/1961,pvanne8k
311,Laverna,Niaves,lniaves8l@china.com.cn,2,71.37.78.110,310,6/24/2020,5/20/1977,lniaves8l
312,Kalinda,Pennacci,kpennacci8m@engadget.com,2,219.29.55.206,311,2/13/2021,8/4/1945,kpennacci8m
313,Lorrie,Hussy,lhussy8n@exblog.jp,1,249.162.152.254,312,11/2/2020,9/9/1963,lhussy8n
314,Kermie,Preskett,kpreskett8o@google.com.au,1,39.167.18.182,313,4/5/2020,2/23/1991,kpreskett8o
315,Kingsley,Kippie,kkippie8p@sbwire.com,2,210.18.63.92,314,6/7/2020,2/22/1978,kkippie8p
316,Lazaro,Gartin,lgartin8q@wsj.com,2,164.186.22.74,315,12/20/2020,2/1/1995,lgartin8q
317,Erika,Whylie,ewhylie8r@canalblog.com,1,148.196.9.6,316,5/12/2020,6/3/1948,ewhylie8r
318,Jeth,Pendry,jpendry8s@tuttocitta.it,2,10.189.97.207,317,3/21/2020,7/16/1949,jpendry8s
319,Natalina,Noell,nnoell8t@wikimedia.org,1,95.56.140.83,318,11/19/2020,7/15/1947,nnoell8t
320,Trescha,Webley,twebley8u@go.com,1,153.136.129.23,319,12/20/2020,5/25/1972,twebley8u
321,Florella,Bassingham,fbassingham8v@barnesandnoble.com,2,192.217.1.68,320,4/16/2020,7/24/1982,fbassingham8v
322,Karly,Kinnie,kkinnie8w@hubpages.com,2,157.228.173.76,321,10/24/2020,7/14/1980,kkinnie8w
323,Donovan,Camock,dcamock8x@123-reg.co.uk,2,28.175.70.22,322,7/22/2020,12/13/1977,dcamock8x
324,Othella,De Gogay,odegogay8y@histats.com,1,102.67.212.80,323,11/4/2020,12/30/1992,odegogay8y
325,Haydon,Falconer-Taylor,hfalconertaylor8z@mlb.com,1,71.216.100.95,324,12/5/2020,10/8/1955,hfalconertaylor8z
326,Hugh,Giovannini,hgiovannini90@china.com.cn,2,13.15.15.9,325,11/23/2020,4/1/1946,hgiovannini90
327,Tobi,Sproat,tsproat91@cbsnews.com,1,176.32.241.189,326,11/6/2020,3/31/1958,tsproat91
328,Fey,Lavigne,flavigne92@plala.or.jp,1,19.1.114.159,327,11/16/2020,4/19/1952,flavigne92
329,Jasun,Figg,jfigg93@whitehouse.gov,2,139.197.216.245,328,11/9/2020,4/17/1975,jfigg93
330,Corenda,Martinek,cmartinek94@topsy.com,2,193.75.92.2,329,4/25/2020,9/6/1984,cmartinek94
331,Dagny,Tendahl,dtendahl95@apache.org,1,250.84.253.243,330,12/20/2020,1/17/1954,dtendahl95
332,Talbot,Parley,tparley96@zdnet.com,2,29.186.83.239,331,1/31/2021,2/8/1971,tparley96
333,Valentine,Langthorne,vlangthorne97@desdev.cn,1,165.68.239.127,332,3/18/2020,2/21/1972,vlangthorne97
334,Stefa,Totman,stotman98@sun.com,2,212.39.211.155,333,9/9/2020,3/18/1976,stotman98
335,Meris,Piris,mpiris99@mtv.com,1,100.215.123.175,334,4/28/2020,8/1/1974,mpiris99
336,Clementia,Beames,cbeames9a@domainmarket.com,2,24.63.18.207,335,11/26/2020,6/10/1975,cbeames9a
337,Casie,Crippin,ccrippin9b@fotki.com,2,69.170.246.230,336,12/31/2020,9/26/1950,ccrippin9b
338,Cilka,Laxen,claxen9c@google.nl,2,112.36.96.67,337,1/31/2021,1/24/1969,claxen9c
339,Simonne,Martinez,smartinez9d@over-blog.com,2,199.124.218.232,338,9/6/2020,8/9/1976,smartinez9d
340,Briano,Stockney,bstockney9e@yellowbook.com,2,208.44.156.124,339,3/24/2020,10/22/1990,bstockney9e
341,Calli,Easun,ceasun9f@yahoo.co.jp,1,74.33.136.94,340,7/21/2020,5/26/1988,ceasun9f
342,Aggi,Plumridege,aplumridege9g@ted.com,2,121.102.69.41,341,2/10/2021,1/13/1972,aplumridege9g
343,Samuele,Kimbley,skimbley9h@photobucket.com,2,106.246.203.48,342,3/28/2020,9/9/1947,skimbley9h
344,Jeremias,Kassidy,jkassidy9i@marketwatch.com,1,144.214.176.111,343,3/7/2021,9/29/1962,jkassidy9i
345,Roxanne,Brandenberg,rbrandenberg9j@slashdot.org,2,43.27.223.241,344,7/4/2020,6/30/1984,rbrandenberg9j
346,Lilian,Braid,lbraid9k@pbs.org,2,3.177.94.221,345,3/25/2020,8/17/1979,lbraid9k
347,Mick,Matfield,mmatfield9l@nydailynews.com,2,1.195.38.44,346,12/11/2020,4/11/1983,mmatfield9l
348,Baird,Pettitt,bpettitt9m@hugedomains.com,2,255.147.31.245,347,4/16/2020,11/8/1970,bpettitt9m
349,Constantino,Hallowell,challowell9n@hugedomains.com,1,178.125.168.219,348,7/14/2020,12/16/1976,challowell9n
350,Basilio,Brusle,bbrusle9o@google.com.br,1,133.207.105.201,349,2/12/2021,9/7/1943,bbrusle9o
351,Nahum,Scardifeild,nscardifeild9p@state.tx.us,2,69.35.159.155,350,12/4/2020,2/14/1968,nscardifeild9p
352,Dory,Caukill,dcaukill9q@dropbox.com,1,47.118.126.151,351,6/28/2020,10/23/1979,dcaukill9q
353,Pattin,Josefsen,pjosefsen9r@wsj.com,1,67.90.124.208,352,1/6/2021,6/1/1970,pjosefsen9r
354,Shay,Gayle,sgayle9s@msn.com,2,130.99.43.26,353,12/9/2020,10/5/1986,sgayle9s
355,Elsinore,Moy,emoy9t@boston.com,2,48.174.168.168,354,1/18/2021,5/29/1958,emoy9t
356,Gallagher,Iles,giles9u@cloudflare.com,1,175.25.196.202,355,2/10/2021,7/15/1941,giles9u
357,Mabel,Rossborough,mrossborough9v@multiply.com,1,87.81.60.194,356,1/21/2021,6/30/1960,mrossborough9v
358,Reine,Goadby,rgoadby9w@google.ca,1,160.133.200.104,357,5/29/2020,2/1/1952,rgoadby9w
359,Alison,Topaz,atopaz9x@ifeng.com,2,164.1.13.139,358,5/1/2020,2/15/1991,atopaz9x
360,Clayson,Derricoat,cderricoat9y@seesaa.net,1,255.151.248.180,359,4/12/2020,5/7/1995,cderricoat9y
361,Kyle,Doogood,kdoogood9z@devhub.com,1,238.60.109.255,360,12/30/2020,9/10/1974,kdoogood9z
362,Cal,Piggens,cpiggensa0@jimdo.com,1,201.224.74.132,361,5/15/2020,4/30/1961,cpiggensa0
363,Duane,Rosoni,drosonia1@goodreads.com,1,179.82.5.59,362,10/9/2020,10/30/1975,drosonia1
364,Aluino,Howes,ahowesa2@freewebs.com,1,189.11.148.78,363,1/31/2021,11/11/1947,ahowesa2
365,Shanan,Pollendine,spollendinea3@sogou.com,1,207.97.186.73,364,7/12/2020,1/1/1966,spollendinea3
366,Ingamar,Alpe,ialpea4@g.co,1,82.150.51.165,365,3/23/2020,8/1/1977,ialpea4
367,Bastian,Bapty,bbaptya5@illinois.edu,2,60.148.139.15,366,1/13/2021,6/26/1988,bbaptya5
368,Christina,Marley,cmarleya6@ehow.com,2,56.33.39.131,367,1/17/2021,5/4/1940,cmarleya6
369,Glennis,Pellew,gpellewa7@cnn.com,1,184.214.160.220,368,11/25/2020,7/29/1986,gpellewa7
370,Lars,Beevor,lbeevora8@sbwire.com,1,112.102.247.174,369,4/27/2020,1/25/1958,lbeevora8
371,Johannah,Kew,jkewa9@cdbaby.com,2,92.201.167.214,370,6/27/2020,3/22/1985,jkewa9
372,Mario,Yourell,myourellaa@sbwire.com,1,31.42.250.210,371,9/17/2020,10/10/1958,myourellaa
373,Warren,Fildery,wfilderyab@hibu.com,1,148.221.136.42,372,2/3/2021,8/20/1975,wfilderyab
374,Red,Hopfer,rhopferac@samsung.com,1,70.179.179.102,373,2/11/2021,2/26/1978,rhopferac
375,Hobey,Knappitt,hknappittad@wiley.com,1,58.130.204.15,374,2/28/2021,12/7/1998,hknappittad
376,Carla,Bestar,cbestarae@discovery.com,2,149.145.0.78,375,8/8/2020,10/15/1957,cbestarae
377,Enoch,MacAless,emacalessaf@bloglines.com,2,174.46.196.74,376,3/8/2021,12/1/1951,emacalessaf
378,Suzi,Ochterlony,sochterlonyag@cbsnews.com,1,86.195.72.191,377,9/14/2020,5/22/1972,sochterlonyag
379,Sheilakathryn,Dowtry,sdowtryah@tripadvisor.com,1,231.180.17.149,378,7/7/2020,11/7/1942,sdowtryah
380,Blayne,Rodder,brodderai@xinhuanet.com,1,124.23.170.230,379,8/23/2020,6/14/1979,brodderai
381,Latia,Lorne,llorneaj@surveymonkey.com,2,208.2.106.200,380,6/2/2020,7/7/1958,llorneaj
382,Efren,Staig,estaigak@marketwatch.com,2,159.102.147.69,381,11/22/2020,11/17/1992,estaigak
383,Wilbert,McKew,wmckewal@uiuc.edu,1,213.32.233.118,382,7/12/2020,8/27/1964,wmckewal
384,Jobyna,Madeley,jmadeleyam@t-online.de,2,74.136.147.39,383,11/21/2020,2/1/1974,jmadeleyam
385,Tripp,Hullin,thullinan@nhs.uk,1,174.153.20.172,384,7/23/2020,11/2/1995,thullinan
386,Cass,Archibald,carchibaldao@shareasale.com,2,49.231.200.143,385,10/22/2020,7/8/1996,carchibaldao
387,Iseabal,Lanfear,ilanfearap@cornell.edu,1,151.103.193.180,386,9/6/2020,9/25/1963,ilanfearap
388,Tine,Buckley,tbuckleyaq@weather.com,2,101.48.48.43,387,7/22/2020,4/14/1985,tbuckleyaq
389,Archie,Rodman,arodmanar@blogs.com,2,1.192.171.247,388,1/9/2021,10/30/1994,arodmanar
390,Eldridge,Thorogood,ethorogoodas@example.com,2,61.113.67.138,389,12/10/2020,10/19/1980,ethorogoodas
391,Leif,Swafield,lswafieldat@answers.com,2,87.119.206.21,390,5/12/2020,12/2/1947,lswafieldat
392,Edgardo,Marginson,emarginsonau@ask.com,1,180.215.200.192,391,4/13/2020,11/7/1983,emarginsonau
393,Gustavus,Gladbach,ggladbachav@qq.com,2,204.51.114.73,392,1/31/2021,6/1/1978,ggladbachav
394,Selena,Tysack,stysackaw@simplemachines.org,2,48.160.123.216,393,7/3/2020,5/30/1983,stysackaw
395,Tatum,Dust,tdustax@seattletimes.com,2,155.81.231.43,394,6/2/2020,7/19/1976,tdustax
396,Towney,Livingstone,tlivingstoneay@cdbaby.com,1,64.190.58.83,395,10/3/2020,1/12/1982,tlivingstoneay
397,Sheree,Normanell,snormanellaz@google.es,1,9.99.163.170,396,7/23/2020,7/5/1962,snormanellaz
398,Alyson,Haton,ahatonb0@unc.edu,1,157.30.199.134,397,5/6/2020,6/14/1946,ahatonb0
399,Halley,Hysom,hhysomb1@t.co,2,90.169.83.230,398,12/15/2020,11/29/1970,hhysomb1
400,Charlotta,Kernoghan,ckernoghanb2@vimeo.com,1,191.178.23.202,399,8/3/2020,5/31/1995,ckernoghanb2
401,Otha,Frankish,ofrankishb3@jalbum.net,1,116.84.218.57,400,12/9/2020,7/12/1951,ofrankishb3
402,Thain,Hembrow,thembrowb4@blinklist.com,1,187.217.3.56,401,12/3/2020,2/27/1981,thembrowb4
403,Mignon,Thurske,mthurskeb5@blogger.com,2,158.117.248.147,402,12/23/2020,3/1/1957,mthurskeb5
404,Reuben,Reynoldson,rreynoldsonb6@plala.or.jp,1,47.161.182.8,403,2/27/2021,5/27/1994,rreynoldsonb6
405,Reamonn,Shevlan,rshevlanb7@samsung.com,1,87.105.169.103,404,3/10/2021,2/15/1963,rshevlanb7
406,Rosalinde,Cubbini,rcubbinib8@toplist.cz,2,99.29.32.156,405,8/6/2020,10/11/1940,rcubbinib8
407,Barbette,Palia,bpaliab9@wordpress.com,2,141.94.50.51,406,7/25/2020,6/30/1950,bpaliab9
408,Daffie,Bresner,dbresnerba@example.com,2,193.219.207.77,407,5/1/2020,2/13/1953,dbresnerba
409,Luella,Burdon,lburdonbb@uol.com.br,2,13.197.177.60,408,11/11/2020,10/25/1977,lburdonbb
410,Ashien,Dumblton,adumbltonbc@flickr.com,2,88.240.249.52,409,2/23/2021,6/8/1968,adumbltonbc
411,Lonnie,Dennistoun,ldennistounbd@ted.com,1,73.90.176.64,410,7/8/2020,5/9/1994,ldennistounbd
412,Evvie,Jacquest,ejacquestbe@elpais.com,1,45.184.177.15,411,8/9/2020,7/25/1982,ejacquestbe
413,Sanderson,Enderwick,senderwickbf@clickbank.net,2,71.228.67.187,412,4/29/2020,6/8/1979,senderwickbf
414,Charlean,Natalie,cnataliebg@ask.com,2,145.117.207.75,413,8/20/2020,4/23/1944,cnataliebg
415,Xenia,Haggar,xhaggarbh@cnbc.com,2,208.112.133.80,414,2/2/2021,4/13/1982,xhaggarbh
416,Vita,Shimony,vshimonybi@lulu.com,2,156.212.45.23,415,11/27/2020,11/8/1976,vshimonybi
417,Della,Bernocchi,dbernocchibj@elpais.com,2,50.5.183.185,416,10/13/2020,10/2/1968,dbernocchibj
418,Clare,Golda,cgoldabk@moonfruit.com,1,23.222.46.228,417,5/4/2020,5/22/1943,cgoldabk
419,Annalee,Sine,asinebl@plala.or.jp,1,93.43.159.102,418,6/26/2020,10/20/1995,asinebl
420,Barbara,Hitchens,bhitchensbm@hud.gov,1,1.40.143.20,419,10/15/2020,5/27/1986,bhitchensbm
421,Dalia,Cecchetelli,dcecchetellibn@hugedomains.com,1,84.206.54.254,420,7/29/2020,12/28/1987,dcecchetellibn
422,Micky,Haggerstone,mhaggerstonebo@rediff.com,1,114.187.20.126,421,11/19/2020,5/21/1954,mhaggerstonebo
423,Anette,Apedaile,aapedailebp@pcworld.com,1,91.93.162.16,422,11/17/2020,4/7/1947,aapedailebp
424,Chrissy,Watters,cwattersbq@java.com,2,115.224.58.41,423,2/10/2021,11/6/1966,cwattersbq
425,Corrinne,Riddeough,criddeoughbr@slashdot.org,2,246.98.157.246,424,4/4/2020,11/17/1961,criddeoughbr
426,Torr,Dellar,tdellarbs@amazon.co.uk,2,102.138.191.169,425,3/16/2021,5/6/1953,tdellarbs
427,Aggi,Helliker,ahellikerbt@t.co,2,56.223.51.172,426,8/19/2020,7/21/1947,ahellikerbt
428,Germayne,Kluger,gklugerbu@issuu.com,1,76.229.117.13,427,11/22/2020,6/27/1980,gklugerbu
429,Keenan,Atlee,katleebv@devhub.com,1,68.76.7.141,428,11/5/2020,7/30/1966,katleebv
430,Leonerd,Fairest,lfairestbw@miibeian.gov.cn,2,33.65.97.151,429,10/16/2020,3/8/1963,lfairestbw
431,Saunders,Worsam,sworsambx@springer.com,2,135.130.54.105,430,8/13/2020,12/5/1945,sworsambx
432,Luke,Goulden,lgouldenby@sciencedaily.com,1,155.233.112.43,431,2/28/2021,12/28/1944,lgouldenby
433,Lianne,Howe,lhowebz@springer.com,2,69.214.208.242,432,3/29/2020,1/17/1948,lhowebz
434,Nelly,Waterhowse,nwaterhowsec0@imgur.com,1,33.237.121.57,433,8/22/2020,8/16/1961,nwaterhowsec0
435,Faber,Curr,fcurrc1@nymag.com,2,98.50.174.92,434,3/2/2021,12/9/1990,fcurrc1
436,Dominica,Parks,dparksc2@epa.gov,1,134.86.2.110,435,6/15/2020,11/22/1970,dparksc2
437,Ignace,Antonopoulos,iantonopoulosc3@smh.com.au,1,243.176.69.215,436,8/7/2020,11/25/1976,iantonopoulosc3
438,Garrik,Adcocks,gadcocksc4@facebook.com,1,70.228.31.45,437,8/29/2020,1/30/1970,gadcocksc4
439,Sullivan,Oaker,soakerc5@salon.com,1,155.13.48.96,438,5/9/2020,11/16/1955,soakerc5
440,Laurie,Galliford,lgallifordc6@unesco.org,2,73.206.122.229,439,7/5/2020,12/12/1943,lgallifordc6
441,Kaycee,Yard,kyardc7@taobao.com,1,106.172.201.25,440,9/25/2020,8/25/1983,kyardc7
442,Rodina,Blackie,rblackiec8@tuttocitta.it,2,57.9.9.181,441,4/28/2020,5/5/1942,rblackiec8
443,Gaby,Bliss,gblissc9@squarespace.com,2,91.83.59.116,442,3/8/2021,6/10/1950,gblissc9
444,Boote,Wrightham,bwrighthamca@google.com,2,100.196.89.24,443,2/12/2021,3/14/1956,bwrighthamca
445,Monika,Patsall,mpatsallcb@zimbio.com,2,251.122.203.194,444,4/17/2020,5/29/1943,mpatsallcb
446,Keely,Yele,kyelecc@indiatimes.com,2,144.229.32.35,445,7/25/2020,4/24/1951,kyelecc
447,Linn,Peffer,lpeffercd@naver.com,2,43.30.171.0,446,6/5/2020,4/7/1962,lpeffercd
448,Thalia,Raiker,traikerce@hc360.com,2,72.176.140.82,447,6/21/2020,2/13/1961,traikerce
449,Melody,Poynter,mpoyntercf@opera.com,1,95.241.190.250,448,2/6/2021,5/15/1973,mpoyntercf
450,Tobiah,Calyton,tcalytoncg@elegantthemes.com,1,167.102.21.163,449,2/3/2021,9/8/1982,tcalytoncg
451,Thorstein,Dunkinson,tdunkinsonch@auda.org.au,1,47.86.148.187,450,7/6/2020,4/18/1965,tdunkinsonch
452,Rhett,Enston,renstonci@salon.com,2,247.48.250.244,451,8/10/2020,5/13/1970,renstonci
453,Darrell,Burnage,dburnagecj@fastcompany.com,1,100.35.36.58,452,9/4/2020,9/27/1959,dburnagecj
454,Eli,Bruton,ebrutonck@marriott.com,2,201.84.92.27,453,12/25/2020,8/3/1991,ebrutonck
455,Stace,Moat,smoatcl@msu.edu,1,3.138.243.156,454,8/7/2020,8/7/1995,smoatcl
456,Thebault,Bagge,tbaggecm@stanford.edu,1,186.178.45.141,455,10/1/2020,3/13/1969,tbaggecm
457,Enrique,McGrotty,emcgrottycn@elpais.com,2,154.18.161.197,456,8/23/2020,5/2/1950,emcgrottycn
458,Kahaleel,Harsnep,kharsnepco@phpbb.com,2,106.171.116.97,457,9/14/2020,12/9/1965,kharsnepco
459,Micheal,Dreghorn,mdreghorncp@163.com,2,220.244.249.225,458,10/29/2020,1/1/1941,mdreghorncp
460,Nikolia,Tambling,ntamblingcq@merriam-webster.com,1,61.242.212.104,459,8/30/2020,10/7/1988,ntamblingcq
461,Archer,Schulter,aschultercr@instagram.com,2,27.121.144.203,460,10/1/2020,3/6/1949,aschultercr
462,Willy,Tullis,wtulliscs@amazon.com,2,37.143.198.120,461,7/12/2020,12/21/1943,wtulliscs
463,Dare,Glanister,dglanisterct@flavors.me,1,48.98.58.245,462,7/17/2020,4/24/1988,dglanisterct
464,Pauletta,Speer,pspeercu@google.nl,1,186.247.230.47,463,8/7/2020,6/19/1962,pspeercu
465,Nicola,Tremoille,ntremoillecv@wisc.edu,2,249.199.196.46,464,9/17/2020,11/24/1978,ntremoillecv
466,Kirsti,Stroban,kstrobancw@domainmarket.com,2,58.49.210.231,465,4/29/2020,7/30/1942,kstrobancw
467,Abe,Sellick,asellickcx@chronoengine.com,2,243.21.188.239,466,9/19/2020,7/18/1951,asellickcx
468,Maddie,Rollinshaw,mrollinshawcy@wiley.com,1,160.148.205.19,467,8/17/2020,11/6/1944,mrollinshawcy
469,Celinka,Spottswood,cspottswoodcz@huffingtonpost.com,1,236.154.88.95,468,4/11/2020,6/23/1950,cspottswoodcz
470,Kitty,Crofthwaite,kcrofthwaited0@acquirethisname.com,2,76.65.60.101,469,3/17/2021,10/10/1943,kcrofthwaited0
471,Zeke,Dalliston,zdallistond1@fda.gov,1,54.109.152.167,470,7/30/2020,12/30/1961,zdallistond1
472,Dorthy,Comsty,dcomstyd2@instagram.com,1,42.135.212.85,471,8/2/2020,11/19/1954,dcomstyd2
473,Zared,Merrilees,zmerrileesd3@joomla.org,2,94.38.102.250,472,5/22/2020,6/13/1993,zmerrileesd3
474,Janel,Echallie,jechallied4@go.com,1,115.142.255.170,473,7/26/2020,7/12/1992,jechallied4
475,Ransom,Redmire,rredmired5@cafepress.com,1,228.80.13.160,474,12/7/2020,3/23/1964,rredmired5
476,Nilson,Frostdick,nfrostdickd6@businessinsider.com,1,83.214.226.253,475,9/16/2020,12/21/1942,nfrostdickd6
477,Clemente,Hain,chaind7@amazon.co.uk,2,153.8.149.138,476,3/10/2021,10/5/1960,chaind7
478,Hunfredo,Hitschke,hhitschked8@independent.co.uk,2,100.125.82.171,477,2/20/2021,8/16/1979,hhitschked8
479,Karyn,Heinonen,kheinonend9@wikispaces.com,1,191.6.199.28,478,12/6/2020,5/12/1997,kheinonend9
480,Bree,Farnorth,bfarnorthda@unesco.org,1,179.20.140.251,479,8/29/2020,8/20/1946,bfarnorthda
481,Marcello,Ellicock,mellicockdb@quantcast.com,2,217.252.250.211,480,10/11/2020,11/11/1962,mellicockdb
482,Marice,Hakonsson,mhakonssondc@oaic.gov.au,1,17.46.63.244,481,7/9/2020,5/1/1944,mhakonssondc
483,Nathan,Gergely,ngergelydd@mlb.com,2,217.9.169.168,482,9/20/2020,10/20/1971,ngergelydd
484,Glenine,Donnel,gdonnelde@shutterfly.com,1,227.32.206.7,483,5/19/2020,12/9/1952,gdonnelde
485,Marta,Darrigone,mdarrigonedf@plala.or.jp,1,218.166.27.14,484,4/18/2020,8/27/1970,mdarrigonedf
486,Joeann,Skentelbery,jskentelberydg@vistaprint.com,1,196.139.65.46,485,1/1/2021,3/5/1973,jskentelberydg
487,Ransell,Yakebovich,ryakebovichdh@pinterest.com,1,124.122.96.223,486,8/27/2020,12/24/1955,ryakebovichdh
488,Felike,Archdeacon,farchdeacondi@who.int,1,72.160.165.136,487,11/1/2020,4/24/1962,farchdeacondi
489,Gizela,McKinty,gmckintydj@geocities.jp,1,71.139.183.135,488,9/6/2020,6/12/1982,gmckintydj
490,Maurizio,Jepson,mjepsondk@amazon.co.jp,2,113.124.0.19,489,6/18/2020,10/15/1977,mjepsondk
491,Dewie,Kelberman,dkelbermandl@jiathis.com,1,107.153.73.1,490,5/3/2020,8/2/1990,dkelbermandl
492,Niles,Raybould,nrayboulddm@artisteer.com,2,255.73.193.68,491,9/30/2020,1/21/1967,nrayboulddm
493,Consolata,Myles,cmylesdn@nsw.gov.au,2,218.29.203.8,492,9/14/2020,2/12/1953,cmylesdn
494,Natala,Eckersall,neckersalldo@tripod.com,2,136.122.188.12,493,10/4/2020,10/20/1956,neckersalldo
495,Ranna,Simonnet,rsimonnetdp@sitemeter.com,1,121.59.231.207,494,1/31/2021,12/15/1987,rsimonnetdp
496,Astrix,Shillabeer,ashillabeerdq@statcounter.com,2,210.120.83.110,495,9/21/2020,1/17/1989,ashillabeerdq
497,Hubey,McPhee,hmcpheedr@merriam-webster.com,2,183.133.137.187,496,5/1/2020,3/16/1961,hmcpheedr
498,Thor,Jefferson,tjeffersonds@who.int,2,18.165.93.153,497,11/29/2020,3/21/1984,tjeffersonds
499,Karmen,Pembry,kpembrydt@foxnews.com,1,196.235.153.31,498,12/26/2020,1/29/1959,kpembrydt
500,Kingsley,Norfolk,knorfolkdu@sogou.com,1,17.200.46.104,499,3/26/2020,2/8/1982,knorfolkdu
501,Waite,Chirm,wchirmdv@pen.io,1,203.158.46.208,500,10/3/2020,2/8/1964,wchirmdv
502,Brinna,Burris,bburrisdw@census.gov,1,212.78.187.107,501,10/30/2020,7/7/1982,bburrisdw
503,Kassie,Soldan,ksoldandx@google.nl,2,0.84.226.12,502,2/24/2021,1/15/1947,ksoldandx
504,Brittany,Groundwater,bgroundwaterdy@google.co.uk,1,253.67.65.190,503,10/8/2020,2/24/1942,bgroundwaterdy
505,Timothy,Clinch,tclinchdz@usda.gov,2,251.0.91.201,504,11/4/2020,5/28/1977,tclinchdz
506,Karna,Mitchiner,kmitchinere0@toplist.cz,1,133.149.243.201,505,9/1/2020,1/31/1973,kmitchinere0
507,Sarine,Poulden,spouldene1@nps.gov,1,225.184.118.164,506,3/4/2021,7/22/1980,spouldene1
508,Nariko,Allum,nallume2@photobucket.com,1,123.76.225.185,507,6/29/2020,1/1/1968,nallume2
509,Sheree,Bounde,sboundee3@china.com.cn,1,43.96.170.30,508,6/19/2020,5/11/1986,sboundee3
510,Trescha,Bjorkan,tbjorkane4@yahoo.com,1,223.112.8.179,509,7/18/2020,6/29/1967,tbjorkane4
511,Zebadiah,Harbidge,zharbidgee5@eventbrite.com,2,80.241.204.52,510,1/6/2021,4/27/1979,zharbidgee5
512,Clarice,Guiet,cguiete6@i2i.jp,1,148.103.244.133,511,6/29/2020,3/13/1947,cguiete6
513,Abigael,Southern,asoutherne7@shop-pro.jp,2,161.206.8.101,512,4/29/2020,11/10/1992,asoutherne7
514,Boycey,Sulman,bsulmane8@icio.us,1,154.165.208.164,513,3/11/2021,9/7/1956,bsulmane8
515,Millisent,Manns,mmannse9@opensource.org,2,183.52.108.140,514,11/28/2020,4/13/1971,mmannse9
516,Kit,O'Glassane,koglassaneea@arizona.edu,1,204.94.117.199,515,1/11/2021,1/15/1955,koglassaneea
517,Kenon,Berrygun,kberryguneb@freewebs.com,2,16.153.247.113,516,12/26/2020,4/26/1974,kberryguneb
518,Jorie,Spawforth,jspawforthec@mayoclinic.com,1,136.167.209.13,517,9/11/2020,10/25/1942,jspawforthec
519,Ludovico,Peace,lpeaceed@digg.com,1,105.105.116.131,518,3/26/2020,12/5/1949,lpeaceed
520,Saba,Trippitt,strippittee@sfgate.com,1,153.54.3.67,519,12/4/2020,6/3/1979,strippittee
521,Fanechka,Bragge,fbraggeef@yolasite.com,1,127.91.141.50,520,10/13/2020,7/4/1988,fbraggeef
522,Dotti,Mulheron,dmulheroneg@webs.com,2,140.21.163.35,521,7/10/2020,2/10/1979,dmulheroneg
523,Lorenzo,Dakhov,ldakhoveh@ted.com,2,151.9.50.118,522,11/15/2020,1/8/1955,ldakhoveh
524,Kent,Belding,kbeldingei@baidu.com,1,92.222.82.211,523,6/25/2020,7/31/1982,kbeldingei
525,Gwenneth,Idle,gidleej@alibaba.com,1,87.98.139.190,524,6/4/2020,1/7/1953,gidleej
526,Ev,Biggam,ebiggamek@ucla.edu,2,240.243.193.109,525,4/9/2020,1/19/1970,ebiggamek
527,Ulberto,Gapper,ugapperel@delicious.com,1,85.132.147.102,526,8/19/2020,3/16/1943,ugapperel
528,Honoria,Shawcross,hshawcrossem@biblegateway.com,1,152.223.54.134,527,6/9/2020,6/7/1961,hshawcrossem
529,Leonidas,Wratten,lwrattenen@studiopress.com,2,142.23.241.61,528,9/10/2020,10/25/1966,lwrattenen
530,Alexandre,Sackur,asackureo@goo.ne.jp,1,6.226.109.15,529,8/19/2020,10/9/1944,asackureo
531,Jenica,Hayles,jhaylesep@instagram.com,2,73.9.179.131,530,5/28/2020,9/17/1956,jhaylesep
532,Leeland,Brayn,lbrayneq@google.ca,2,63.233.186.62,531,10/30/2020,5/15/1945,lbrayneq
533,Nari,Brisard,nbrisarder@sourceforge.net,1,178.125.249.10,532,10/27/2020,4/8/1948,nbrisarder
534,Jaquelyn,Togher,jtogheres@tinypic.com,2,26.2.142.250,533,12/13/2020,1/17/1986,jtogheres
535,Boyd,McKoy,bmckoyet@spiegel.de,1,87.147.247.70,534,9/28/2020,4/25/1994,bmckoyet
536,Debby,Haggard,dhaggardeu@utexas.edu,2,173.103.38.98,535,10/20/2020,7/19/1944,dhaggardeu
537,Early,Quirke,equirkeev@godaddy.com,1,65.93.43.41,536,10/21/2020,12/20/1968,equirkeev
538,Kendell,Simenel,ksimenelew@mozilla.org,2,178.244.30.0,537,9/12/2020,1/17/1980,ksimenelew
539,Elspeth,Leeds,eleedsex@mozilla.org,1,28.6.199.154,538,8/1/2020,7/5/1960,eleedsex
540,Simmonds,Benner,sbennerey@is.gd,2,208.55.32.149,539,3/16/2021,2/12/1959,sbennerey
541,Rosa,Mollon,rmollonez@google.cn,2,129.141.138.250,540,8/1/2020,2/7/1975,rmollonez
542,Gerrard,Breede,gbreedef0@yolasite.com,1,84.73.253.35,541,5/29/2020,8/21/1979,gbreedef0
543,Clark,Worlidge,cworlidgef1@archive.org,2,195.91.94.80,542,9/4/2020,3/14/1987,cworlidgef1
544,Georgie,Boyde,gboydef2@youtube.com,2,17.213.0.60,543,1/15/2021,7/8/1959,gboydef2
545,Clim,Heard,cheardf3@clickbank.net,1,39.98.217.30,544,2/5/2021,4/23/1986,cheardf3
546,Joann,Shoute,jshoutef4@unicef.org,2,81.43.160.3,545,11/6/2020,5/24/1965,jshoutef4
547,Jany,Ketteringham,jketteringhamf5@comsenz.com,1,116.159.6.252,546,4/10/2020,5/19/1997,jketteringhamf5
548,Cordie,Lunnon,clunnonf6@arstechnica.com,1,60.91.2.6,547,4/22/2020,11/17/1940,clunnonf6
549,Lanni,Caulier,lcaulierf7@desdev.cn,2,134.226.183.79,548,2/15/2021,6/18/1948,lcaulierf7
550,Galina,Baford,gbafordf8@topsy.com,1,45.5.1.217,549,3/17/2021,8/7/1986,gbafordf8
551,Alberik,Parnby,aparnbyf9@istockphoto.com,2,230.223.246.106,550,11/12/2020,2/2/1970,aparnbyf9
552,Rinaldo,Philbrook,rphilbrookfa@yahoo.co.jp,2,213.204.28.78,551,1/14/2021,12/26/1947,rphilbrookfa
553,Maible,Bemand,mbemandfb@1und1.de,1,120.228.185.23,552,2/26/2021,7/30/1989,mbemandfb
554,Zacharie,Gatcliff,zgatclifffc@cafepress.com,2,215.231.77.149,553,1/1/2021,5/13/1998,zgatclifffc
555,Lonny,Mackerel,lmackerelfd@webs.com,1,191.159.35.247,554,10/9/2020,10/25/1956,lmackerelfd
556,Richart,Gresswood,rgresswoodfe@cyberchimps.com,2,169.219.162.175,555,7/23/2020,12/26/1991,rgresswoodfe
557,Dacie,Waberer,dwabererff@yandex.ru,2,37.124.77.132,556,8/31/2020,6/24/1991,dwabererff
558,Jolyn,Jouhan,jjouhanfg@google.ru,2,57.196.206.174,557,7/20/2020,1/26/1955,jjouhanfg
559,Patrice,Jordine,pjordinefh@cloudflare.com,2,115.41.81.125,558,9/13/2020,9/30/1942,pjordinefh
560,Phip,Hobben,phobbenfi@zimbio.com,2,46.42.116.31,559,6/24/2020,2/11/1997,phobbenfi
561,Frederique,Tregust,ftregustfj@artisteer.com,2,174.160.153.110,560,8/17/2020,4/7/1978,ftregustfj
562,Ephraim,Clell,eclellfk@noaa.gov,1,188.29.249.74,561,12/16/2020,10/29/1992,eclellfk
563,Falkner,O'Cleary,foclearyfl@domainmarket.com,1,120.89.86.112,562,10/21/2020,12/9/1996,foclearyfl
564,Virgie,Gilfether,vgilfetherfm@rediff.com,1,196.163.208.248,563,3/14/2021,7/26/1953,vgilfetherfm
565,Joscelin,Tocknell,jtocknellfn@nydailynews.com,2,104.247.102.191,564,12/13/2020,4/25/1949,jtocknellfn
566,Bank,Becarra,bbecarrafo@eepurl.com,1,226.96.33.112,565,5/30/2020,2/7/1979,bbecarrafo
567,Dorree,Patman,dpatmanfp@nifty.com,1,159.20.164.89,566,4/2/2020,8/26/1970,dpatmanfp
568,Patti,Rowlstone,prowlstonefq@cdbaby.com,2,196.195.133.239,567,2/11/2021,5/8/1990,prowlstonefq
569,Olivette,McNeillie,omcneilliefr@nationalgeographic.com,1,254.198.19.124,568,8/11/2020,3/17/1942,omcneilliefr
570,Cindi,Hasling,chaslingfs@upenn.edu,2,112.243.36.75,569,5/1/2020,11/9/1978,chaslingfs
571,Yul,O'Dreain,yodreainft@trellian.com,1,236.195.60.127,570,7/5/2020,9/15/1949,yodreainft
572,Gerry,Demcak,gdemcakfu@com.com,1,252.8.103.153,571,7/18/2020,9/21/1970,gdemcakfu
573,Abner,Barwis,abarwisfv@usa.gov,2,84.194.17.194,572,11/8/2020,4/22/1997,abarwisfv
574,Gypsy,Bust,gbustfw@indiatimes.com,2,35.251.171.82,573,1/10/2021,5/4/1965,gbustfw
575,Karol,Ivasechko,kivasechkofx@123-reg.co.uk,2,117.191.166.42,574,8/11/2020,12/5/1956,kivasechkofx
576,Frasco,Wretham,fwrethamfy@ca.gov,1,82.119.40.180,575,12/6/2020,2/23/1979,fwrethamfy
577,Teirtza,Haliburn,thaliburnfz@163.com,2,225.22.18.20,576,9/19/2020,10/22/1985,thaliburnfz
578,Dona,Glander,dglanderg0@jimdo.com,2,248.44.144.110,577,1/8/2021,10/13/1958,dglanderg0
579,Jackquelin,Riccardini,jriccardinig1@discovery.com,1,155.243.210.51,578,6/12/2020,12/2/1946,jriccardinig1
580,Ted,Elger,telgerg2@cam.ac.uk,1,73.124.16.235,579,3/25/2020,12/25/1984,telgerg2
581,Carena,Bawles,cbawlesg3@hao123.com,2,178.49.208.19,580,2/7/2021,11/13/1943,cbawlesg3
582,Selia,Houseago,shouseagog4@hao123.com,1,215.53.178.58,581,4/15/2020,4/22/1954,shouseagog4
583,Sena,Konzel,skonzelg5@webs.com,2,39.177.160.89,582,1/21/2021,2/14/1956,skonzelg5
584,Marillin,Lumbley,mlumbleyg6@hexun.com,1,98.94.116.63,583,6/24/2020,1/30/1972,mlumbleyg6
585,Laurel,Laden,lladeng7@adobe.com,1,146.22.125.252,584,12/25/2020,4/12/1966,lladeng7
586,Tedi,Phebee,tphebeeg8@cbslocal.com,2,232.48.235.109,585,2/6/2021,1/7/1971,tphebeeg8
587,Robinson,Oppery,ropperyg9@amazon.de,1,45.155.22.237,586,8/19/2020,7/4/1991,ropperyg9
588,Percival,Crucetti,pcrucettiga@cbc.ca,1,222.194.29.148,587,10/3/2020,9/17/1964,pcrucettiga
589,Jo,Redfearn,jredfearngb@columbia.edu,1,198.174.250.184,588,10/22/2020,4/30/1973,jredfearngb
590,Marty,Litt,mlittgc@geocities.jp,2,227.65.225.137,589,9/24/2020,1/18/1979,mlittgc
591,Gussy,Jobbins,gjobbinsgd@so-net.ne.jp,1,144.35.106.52,590,10/4/2020,8/19/1996,gjobbinsgd
592,Hatty,Di Napoli,hdinapolige@zimbio.com,2,197.214.175.240,591,2/8/2021,2/19/1967,hdinapolige
593,Lucian,Martill,lmartillgf@economist.com,2,254.202.185.88,592,3/14/2021,1/26/1959,lmartillgf
594,Delmor,Schenkel,dschenkelgg@alexa.com,1,71.227.107.168,593,5/13/2020,1/20/1945,dschenkelgg
595,Lexy,Vatini,lvatinigh@ycombinator.com,2,58.224.119.8,594,10/30/2020,6/28/1955,lvatinigh
596,Reina,Mc Curlye,rmccurlyegi@tuttocitta.it,2,101.87.190.93,595,12/2/2020,7/5/1990,rmccurlyegi
597,Tonie,Mault,tmaultgj@europa.eu,1,243.200.0.104,596,9/22/2020,7/30/1941,tmaultgj
598,Lin,Stopper,lstoppergk@va.gov,2,44.116.146.57,597,4/16/2020,7/28/1947,lstoppergk
599,Frederique,Botright,fbotrightgl@ezinearticles.com,1,47.209.95.200,598,1/14/2021,4/25/1971,fbotrightgl
600,Roslyn,Shearer,rshearergm@netlog.com,1,94.9.190.189,599,2/10/2021,5/26/1994,rshearergm
601,Krysta,Stit,kstitgn@unesco.org,1,102.252.115.26,600,11/30/2020,6/10/1987,kstitgn
602,Bernelle,Kelwick,bkelwickgo@google.co.jp,2,245.236.186.133,601,4/12/2020,3/9/1977,bkelwickgo
603,Janeva,Klesse,jklessegp@si.edu,2,43.229.49.254,602,11/16/2020,7/17/1981,jklessegp
604,Susanetta,McCrae,smccraegq@360.cn,1,246.41.7.200,603,2/11/2021,11/29/1971,smccraegq
605,Jasmina,Gentric,jgentricgr@blogs.com,1,48.109.201.51,604,6/13/2020,7/17/1966,jgentricgr
606,Karon,Aurelius,kaureliusgs@last.fm,2,59.244.21.201,605,8/30/2020,6/5/1969,kaureliusgs
607,Hall,Bridgett,hbridgettgt@reverbnation.com,2,122.180.178.94,606,7/18/2020,7/5/1982,hbridgettgt
608,Evita,Lennarde,elennardegu@usatoday.com,1,241.67.61.166,607,3/6/2021,7/18/1992,elennardegu
609,Morris,Maus,mmausgv@booking.com,2,118.174.60.94,608,9/13/2020,10/13/1956,mmausgv
610,Estrellita,Gosart,egosartgw@amazonaws.com,1,183.171.198.127,609,12/13/2020,7/15/1955,egosartgw
611,Ariel,Stripling,astriplinggx@apple.com,1,56.193.77.233,610,5/22/2020,6/9/1942,astriplinggx
612,Carole,Magarrell,cmagarrellgy@slideshare.net,1,202.41.98.251,611,8/31/2020,1/26/1956,cmagarrellgy
613,Clare,Hambleton,chambletongz@sphinn.com,1,47.130.112.255,612,4/30/2020,6/10/1966,chambletongz
614,Olive,Kybbye,okybbyeh0@dedecms.com,1,52.131.72.118,613,1/7/2021,7/27/1998,okybbyeh0
615,Ruperto,Veschambes,rveschambesh1@mapy.cz,2,18.21.74.44,614,10/30/2020,8/11/1996,rveschambesh1
616,Cammy,Skouling,cskoulingh2@independent.co.uk,1,108.127.24.46,615,6/10/2020,5/8/1987,cskoulingh2
617,Eliot,McDunlevy,emcdunlevyh3@ftc.gov,1,219.110.0.171,616,2/5/2021,4/10/1961,emcdunlevyh3
618,Rania,Dogerty,rdogertyh4@europa.eu,2,255.49.76.160,617,10/10/2020,6/26/1950,rdogertyh4
619,Patrice,Danher,pdanherh5@tripadvisor.com,2,123.245.203.85,618,5/12/2020,2/26/1976,pdanherh5
620,Grace,Measey,gmeaseyh6@japanpost.jp,1,239.38.253.148,619,10/13/2020,9/1/1963,gmeaseyh6
621,Chane,Gronno,cgronnoh7@ebay.co.uk,1,116.199.205.84,620,9/17/2020,3/8/1954,cgronnoh7
622,Waverley,Riddiford,wriddifordh8@hp.com,2,76.195.90.195,621,4/5/2020,12/3/1988,wriddifordh8
623,Huey,Scottesmoor,hscottesmoorh9@hud.gov,2,153.92.67.89,622,11/11/2020,2/13/1954,hscottesmoorh9
624,Fidelia,Wildin,fwildinha@wunderground.com,1,133.21.66.79,623,5/30/2020,6/17/1957,fwildinha
625,Jerrie,Willimont,jwillimonthb@yahoo.com,1,87.179.129.213,624,1/22/2021,12/31/1941,jwillimonthb
626,Dorey,Mahmood,dmahmoodhc@spotify.com,2,101.148.172.66,625,4/28/2020,1/28/1986,dmahmoodhc
627,Pall,Capon,pcaponhd@hubpages.com,1,164.249.207.123,626,4/13/2020,5/25/1976,pcaponhd
628,Sumner,De L'Isle,sdelislehe@yale.edu,2,109.238.251.180,627,12/9/2020,9/4/1983,sdelislehe
629,Vonnie,Attoe,vattoehf@digg.com,1,199.203.177.128,628,2/4/2021,5/5/1948,vattoehf
630,Doy,Cadd,dcaddhg@ocn.ne.jp,2,84.139.72.112,629,6/8/2020,8/19/1957,dcaddhg
631,Aurelea,Antecki,aanteckihh@wikispaces.com,1,141.251.113.193,630,11/6/2020,9/10/1970,aanteckihh
632,Valli,Godlee,vgodleehi@newyorker.com,2,226.39.151.217,631,3/14/2021,3/5/1976,vgodleehi
633,Maure,Mazella,mmazellahj@gnu.org,2,242.209.255.116,632,12/28/2020,5/15/1953,mmazellahj
634,Hussein,Worsall,hworsallhk@blog.com,2,83.216.227.121,633,9/11/2020,10/2/1940,hworsallhk
635,Tyrus,Key,tkeyhl@hp.com,1,136.94.220.154,634,1/17/2021,6/10/1943,tkeyhl
636,Gaylord,Stanesby,gstanesbyhm@comcast.net,1,68.229.186.77,635,4/18/2020,1/13/1969,gstanesbyhm
637,Marlane,Keppy,mkeppyhn@cornell.edu,2,149.17.128.68,636,3/1/2021,10/26/1958,mkeppyhn
638,Krystal,Hentzeler,khentzelerho@sogou.com,1,190.68.71.56,637,11/26/2020,11/4/1944,khentzelerho
639,Roby,Resun,rresunhp@imageshack.us,1,139.78.228.65,638,3/9/2021,8/25/1970,rresunhp
640,Teddi,Tenney,ttenneyhq@guardian.co.uk,1,169.13.200.161,639,7/27/2020,9/23/1961,ttenneyhq
641,Matti,Paling,mpalinghr@zdnet.com,1,160.182.90.0,640,6/2/2020,10/13/1990,mpalinghr
642,Cecil,Delgua,cdelguahs@rakuten.co.jp,1,37.196.189.70,641,1/28/2021,8/13/1943,cdelguahs
643,Marlane,Kynman,mkynmanht@bbb.org,1,239.11.175.180,642,10/30/2020,12/1/1975,mkynmanht
644,Charlene,Ponde,cpondehu@last.fm,1,44.219.211.198,643,3/5/2021,3/30/1944,cpondehu
645,Marney,McClay,mmcclayhv@macromedia.com,2,81.13.239.129,644,1/30/2021,12/4/1967,mmcclayhv
646,Bruno,Snaddon,bsnaddonhw@ehow.com,1,75.139.197.196,645,7/15/2020,5/4/1940,bsnaddonhw
647,Mose,Nattriss,mnattrisshx@wix.com,1,217.99.164.188,646,10/24/2020,7/5/1942,mnattrisshx
648,Robinetta,Chamley,rchamleyhy@ehow.com,1,37.213.223.10,647,8/22/2020,1/5/1977,rchamleyhy
649,Ketti,Woolveridge,kwoolveridgehz@github.io,1,154.240.142.210,648,10/5/2020,4/14/1943,kwoolveridgehz
650,Sonny,Rettie,srettiei0@springer.com,2,7.140.105.155,649,7/14/2020,9/20/1954,srettiei0
651,Ramona,Ardern,rarderni1@a8.net,1,145.135.175.152,650,9/30/2020,6/1/1970,rarderni1
652,Teodoro,Gorvin,tgorvini2@google.com,2,131.152.188.208,651,6/19/2020,5/19/1962,tgorvini2
653,Alexis,Whatson,awhatsoni3@squidoo.com,1,236.31.189.194,652,7/10/2020,3/16/1994,awhatsoni3
654,Catriona,Dreigher,cdreigheri4@utexas.edu,2,67.114.246.190,653,12/28/2020,6/7/1949,cdreigheri4
655,Danyelle,Pareman,dparemani5@samsung.com,2,123.83.62.178,654,12/9/2020,11/30/1942,dparemani5
656,Launce,Crewe,lcrewei6@hc360.com,2,126.58.16.166,655,7/9/2020,1/21/1942,lcrewei6
657,Yalonda,Quinnell,yquinnelli7@usa.gov,2,134.217.199.19,656,4/6/2020,6/1/1959,yquinnelli7
658,Sharleen,Tighe,stighei8@google.de,2,252.220.130.4,657,8/7/2020,5/27/1949,stighei8
659,Eddi,Orrock,eorrocki9@dot.gov,2,236.182.242.98,658,8/15/2020,7/16/1942,eorrocki9
660,Dex,Gorgl,dgorglia@twitter.com,2,152.255.103.211,659,11/1/2020,2/19/1958,dgorglia
661,Glenn,Purnell,gpurnellib@umich.edu,1,204.239.101.89,660,12/24/2020,11/10/1940,gpurnellib
662,Bridie,Hallbird,bhallbirdic@weebly.com,1,94.13.218.72,661,4/22/2020,3/6/1959,bhallbirdic
663,Yovonnda,Navarijo,ynavarijoid@forbes.com,1,87.173.101.108,662,7/3/2020,5/27/1984,ynavarijoid
664,Adrianne,Furzer,afurzerie@hud.gov,1,0.36.19.114,663,8/11/2020,12/29/1992,afurzerie
665,Anastasie,Denerley,adenerleyif@bandcamp.com,2,66.180.215.7,664,12/25/2020,5/28/1947,adenerleyif
666,Wolf,Lound,wloundig@hexun.com,1,179.17.128.0,665,8/26/2020,11/30/1970,wloundig
667,Burnaby,Seczyk,bseczykih@linkedin.com,2,54.206.148.252,666,3/28/2020,7/13/1990,bseczykih
668,Jemmie,Pletts,jplettsii@moonfruit.com,1,81.93.250.203,667,6/21/2020,12/15/1964,jplettsii
669,Zuzana,Blesdill,zblesdillij@wikispaces.com,1,154.144.3.237,668,3/4/2021,5/13/1960,zblesdillij
670,Loria,Wix,lwixik@ed.gov,1,146.255.106.146,669,7/8/2020,6/20/1972,lwixik
671,Andros,Tennick,atennickil@bing.com,1,2.145.163.32,670,7/13/2020,10/31/1950,atennickil
672,Ernestine,Craik,ecraikim@about.com,1,252.251.129.79,671,9/21/2020,9/18/1961,ecraikim
673,Allister,Infantino,ainfantinoin@bizjournals.com,1,64.188.82.66,672,10/23/2020,10/5/1941,ainfantinoin
674,Shaine,Crosland,scroslandio@php.net,1,76.203.162.238,673,2/23/2021,6/22/1942,scroslandio
675,Herbert,Imeson,himesonip@comcast.net,1,215.48.77.230,674,2/25/2021,5/1/1949,himesonip
676,Sabine,Bille,sbilleiq@about.com,2,176.7.39.133,675,8/3/2020,7/29/1990,sbilleiq
677,Rosanne,Canwell,rcanwellir@illinois.edu,1,224.179.116.76,676,4/10/2020,12/28/1981,rcanwellir
678,Delilah,Danielou,ddanielouis@latimes.com,2,65.96.217.83,677,11/11/2020,11/19/1985,ddanielouis
679,Danie,Cockroft,dcockroftit@wikimedia.org,2,20.71.7.111,678,11/11/2020,2/14/1991,dcockroftit
680,Ertha,Sollner,esollneriu@de.vu,2,22.229.6.221,679,2/22/2021,5/29/1970,esollneriu
681,Daryle,Savatier,dsavatieriv@stumbleupon.com,2,65.99.165.108,680,12/4/2020,8/1/1979,dsavatieriv
682,Irina,Joanic,ijoaniciw@uol.com.br,1,183.253.222.83,681,10/7/2020,2/22/1968,ijoaniciw
683,Halimeda,Corking,hcorkingix@stumbleupon.com,2,189.246.193.49,682,4/4/2020,1/21/1944,hcorkingix
684,Brooks,Streater,bstreateriy@eepurl.com,1,253.29.17.233,683,12/7/2020,8/21/1990,bstreateriy
685,Leslie,Gosswell,lgosswelliz@oakley.com,2,213.164.15.83,684,5/11/2020,10/27/1962,lgosswelliz
686,Agnese,Arnal,aarnalj0@princeton.edu,2,19.197.85.178,685,2/19/2021,7/17/1965,aarnalj0
687,Waldon,Douberday,wdouberdayj1@edublogs.org,1,75.222.49.168,686,12/12/2020,3/16/1963,wdouberdayj1
688,Taber,Karpol,tkarpolj2@admin.ch,1,186.128.32.196,687,12/31/2020,4/15/1985,tkarpolj2
689,Fleur,Playhill,fplayhillj3@cnet.com,1,32.118.156.7,688,9/5/2020,4/6/1965,fplayhillj3
690,Dyna,Morit,dmoritj4@php.net,1,2.91.121.184,689,8/2/2020,11/24/1985,dmoritj4
691,Rhea,Laidel,rlaidelj5@google.com,2,27.32.111.156,690,9/14/2020,6/23/1978,rlaidelj5
692,Audrey,MacCoveney,amaccoveneyj6@dion.ne.jp,1,102.36.113.65,691,11/16/2020,10/26/1994,amaccoveneyj6
693,Marilee,Erwin,merwinj7@prnewswire.com,1,255.204.64.53,692,11/27/2020,8/16/1954,merwinj7
694,Aldric,Bonifazio,abonifazioj8@dot.gov,2,224.6.197.232,693,12/10/2020,5/6/1942,abonifazioj8
695,Cesar,Boughen,cboughenj9@ibm.com,2,234.155.97.117,694,6/18/2020,12/5/1955,cboughenj9
696,Jerrilyn,Wayte,jwayteja@php.net,1,91.4.47.216,695,7/14/2020,7/26/1960,jwayteja
697,Conrade,Tritton,ctrittonjb@pen.io,1,117.224.61.127,696,4/4/2020,4/27/1996,ctrittonjb
698,Darlene,Castro,dcastrojc@angelfire.com,1,110.243.80.179,697,8/25/2020,12/11/1966,dcastrojc
699,Josie,McAvey,jmcaveyjd@seesaa.net,1,177.32.132.198,698,4/19/2020,6/20/1948,jmcaveyjd
700,Chrissy,Bonick,cbonickje@goo.gl,2,226.135.12.98,699,4/4/2020,7/28/1959,cbonickje
701,Delly,Giacoppo,dgiacoppojf@discuz.net,1,220.124.68.173,700,1/25/2021,8/30/1982,dgiacoppojf
702,Rolf,Searl,rsearljg@va.gov,1,93.133.129.186,701,3/11/2021,4/14/1970,rsearljg
703,Farrah,Espin,fespinjh@goodreads.com,2,83.132.39.85,702,4/5/2020,1/12/1974,fespinjh
704,Maddy,Skaife d'Ingerthorpe,mskaifedingerthorpeji@abc.net.au,2,14.253.241.210,703,5/2/2020,1/24/1943,mskaifedingerthorpeji
705,Lavina,Shaw,lshawjj@youku.com,2,97.124.153.21,704,11/24/2020,4/17/1956,lshawjj
706,Georg,MacCole,gmaccolejk@github.com,2,14.35.85.106,705,8/18/2020,9/4/1985,gmaccolejk
707,Janeen,Durning,jdurningjl@discovery.com,1,164.46.181.245,706,4/19/2020,11/12/1981,jdurningjl
708,Harman,Bampfield,hbampfieldjm@free.fr,1,63.133.222.229,707,9/25/2020,4/14/1946,hbampfieldjm
709,Alaster,Cawthra,acawthrajn@ustream.tv,1,150.113.152.16,708,6/14/2020,10/26/1994,acawthrajn
710,Adore,Blackden,ablackdenjo@google.co.jp,2,47.72.173.198,709,7/8/2020,3/19/1947,ablackdenjo
711,Rollin,Salmon,rsalmonjp@springer.com,1,242.172.72.23,710,3/8/2021,5/11/1988,rsalmonjp
712,Kiersten,Carthy,kcarthyjq@google.es,2,207.26.149.35,711,12/1/2020,10/11/1998,kcarthyjq
713,Jeanne,Tritten,jtrittenjr@taobao.com,1,100.86.205.42,712,4/28/2020,1/24/1991,jtrittenjr
714,Brandyn,Tullis,btullisjs@163.com,2,110.240.97.29,713,2/22/2021,10/31/1990,btullisjs
715,Dannie,Jilkes,djilkesjt@earthlink.net,2,158.127.139.54,714,7/25/2020,1/16/1942,djilkesjt
716,Archer,Ferier,aferierju@biblegateway.com,1,31.233.47.107,715,10/1/2020,6/30/1995,aferierju
717,Lannie,Uzelli,luzellijv@typepad.com,2,217.55.109.156,716,9/22/2020,5/31/1997,luzellijv
718,Coretta,Holmyard,cholmyardjw@biblegateway.com,2,191.156.151.226,717,1/9/2021,9/17/1946,cholmyardjw
719,Stanton,Pierton,spiertonjx@shop-pro.jp,1,137.147.171.205,718,7/19/2020,1/1/1942,spiertonjx
720,Christos,Cicchetto,ccicchettojy@goodreads.com,1,126.56.54.133,719,11/11/2020,10/21/1953,ccicchettojy
721,Payton,Valder,pvalderjz@networksolutions.com,1,214.60.239.90,720,8/30/2020,9/18/1968,pvalderjz
722,Gabey,Denerley,gdenerleyk0@1und1.de,1,10.161.234.233,721,5/10/2020,1/31/1993,gdenerleyk0
723,Maximo,Braven,mbravenk1@woothemes.com,1,21.84.213.104,722,7/1/2020,9/1/1959,mbravenk1
724,Clair,Andrault,candraultk2@sbwire.com,1,218.188.73.74,723,11/15/2020,10/12/1960,candraultk2
725,Jonell,Yellep,jyellepk3@cdbaby.com,2,42.65.104.74,724,1/23/2021,5/23/1942,jyellepk3
726,Zerk,Keel,zkeelk4@icq.com,1,16.126.152.64,725,8/19/2020,9/28/1965,zkeelk4
727,Maitilde,Golbourn,mgolbournk5@de.vu,2,134.3.110.152,726,2/6/2021,4/3/1942,mgolbournk5
728,Rance,Havoc,rhavock6@comsenz.com,2,176.197.114.120,727,11/17/2020,10/23/1941,rhavock6
729,Witty,Tills,wtillsk7@uiuc.edu,2,122.78.23.148,728,7/28/2020,11/20/1940,wtillsk7
730,Orren,Coade,ocoadek8@blinklist.com,2,160.78.133.191,729,2/19/2021,6/8/1962,ocoadek8
731,Dani,Gwilliam,dgwilliamk9@ftc.gov,1,145.159.183.66,730,9/6/2020,2/17/1991,dgwilliamk9
732,Franklin,De Dantesie,fdedantesieka@ameblo.jp,1,65.12.109.181,731,9/14/2020,9/26/1994,fdedantesieka
733,Ignaz,Handyside,ihandysidekb@columbia.edu,1,186.231.185.74,732,7/13/2020,8/2/1952,ihandysidekb
734,Shane,Boak,sboakkc@live.com,2,2.68.195.102,733,9/15/2020,1/23/1978,sboakkc
735,Leigh,Dunnett,ldunnettkd@blogs.com,1,180.60.191.139,734,9/6/2020,5/7/1969,ldunnettkd
736,Charmian,McCheyne,cmccheyneke@cbsnews.com,1,221.12.121.120,735,3/26/2020,8/4/1947,cmccheyneke
737,Una,Tumasian,utumasiankf@nasa.gov,1,61.237.121.107,736,1/29/2021,10/10/1948,utumasiankf
738,Andriana,Carwardine,acarwardinekg@unc.edu,1,77.41.140.40,737,10/23/2020,4/9/1945,acarwardinekg
739,Sibelle,Lazell,slazellkh@i2i.jp,2,71.53.88.166,738,11/28/2020,12/16/1986,slazellkh
740,Moritz,Dickinson,mdickinsonki@europa.eu,1,230.35.12.215,739,7/20/2020,7/6/1946,mdickinsonki
741,Aaron,MacTeague,amacteaguekj@barnesandnoble.com,2,252.112.210.5,740,10/18/2020,12/6/1958,amacteaguekj
742,Glenna,Sapseed,gsapseedkk@bloglines.com,1,108.56.138.24,741,5/6/2020,3/25/1941,gsapseedkk
743,Valentijn,De Roos,vderooskl@cmu.edu,2,34.85.233.14,742,1/4/2021,4/19/1991,vderooskl
744,Bernadene,Brettoner,bbrettonerkm@intel.com,2,215.88.184.57,743,8/20/2020,9/4/1959,bbrettonerkm
745,Man,Marle,mmarlekn@wordpress.com,2,195.92.153.153,744,6/15/2020,12/22/1981,mmarlekn
746,Hartley,Onslow,honslowko@nydailynews.com,1,149.204.89.68,745,8/20/2020,10/27/1968,honslowko
747,Andonis,Kingwell,akingwellkp@angelfire.com,1,37.41.207.119,746,6/24/2020,7/30/1981,akingwellkp
748,Erroll,Letteresse,eletteressekq@nba.com,2,65.153.21.59,747,5/15/2020,2/21/1964,eletteressekq
749,Saunders,Kinsell,skinsellkr@dion.ne.jp,2,136.93.89.9,748,11/24/2020,11/19/1993,skinsellkr
750,Barnaby,Dornan,bdornanks@icq.com,1,25.230.149.30,749,7/23/2020,3/23/1970,bdornanks
751,Tyson,Ahearne,tahearnekt@nyu.edu,2,11.224.22.100,750,3/16/2021,4/1/1986,tahearnekt
752,Alexandrina,Cronkshaw,acronkshawku@cafepress.com,1,39.212.168.149,751,6/17/2020,3/26/1963,acronkshawku
753,Cornelle,Riding,cridingkv@blogtalkradio.com,2,3.15.100.27,752,1/10/2021,2/11/1982,cridingkv
754,Barnebas,Lanahan,blanahankw@who.int,2,206.251.72.213,753,4/18/2020,4/15/1959,blanahankw
755,Adriena,Waszkiewicz,awaszkiewiczkx@storify.com,1,207.146.140.167,754,5/15/2020,12/27/1973,awaszkiewiczkx
756,Sunshine,Acaster,sacasterky@eventbrite.com,1,109.148.243.169,755,10/4/2020,8/2/1949,sacasterky
757,Sibelle,Kivlehan,skivlehankz@linkedin.com,2,226.26.70.94,756,4/2/2020,3/19/1984,skivlehankz
758,Xever,Vaskin,xvaskinl0@printfriendly.com,2,202.219.0.2,757,2/12/2021,4/6/1994,xvaskinl0
759,Seth,Jackes,sjackesl1@imdb.com,2,192.184.169.75,758,8/4/2020,11/24/1981,sjackesl1
760,Erek,Dall,edalll2@reference.com,1,174.52.127.159,759,1/3/2021,10/16/1951,edalll2
761,Ariella,Gorrie,agorriel3@netscape.com,2,23.60.211.150,760,12/20/2020,5/19/1984,agorriel3
762,Dorena,Schlagman,dschlagmanl4@eventbrite.com,1,2.241.217.239,761,7/14/2020,1/31/1999,dschlagmanl4
763,Hertha,Minshall,hminshalll5@google.ru,2,30.4.33.135,762,11/10/2020,11/25/1972,hminshalll5
764,Sandie,Breddy,sbreddyl6@alibaba.com,2,27.180.124.123,763,5/18/2020,3/20/1959,sbreddyl6
765,Winna,Danet,wdanetl7@yellowbook.com,1,194.78.96.148,764,3/29/2020,1/17/1985,wdanetl7
766,Petronia,Liversage,pliversagel8@admin.ch,1,63.130.164.252,765,9/17/2020,1/28/1968,pliversagel8
767,Lenora,Wile,lwilel9@sohu.com,2,91.210.124.5,766,10/20/2020,3/27/1979,lwilel9
768,Stefan,Rowledge,srowledgela@goo.ne.jp,2,108.159.38.228,767,10/10/2020,11/8/1974,srowledgela
769,Raddy,Nicolls,rnicollslb@sogou.com,2,225.7.128.151,768,12/24/2020,5/3/1994,rnicollslb
770,Luci,McTague,lmctaguelc@delicious.com,2,84.127.76.168,769,3/7/2021,8/6/1963,lmctaguelc
771,Miran,Baal,mbaalld@mac.com,2,51.234.94.71,770,9/6/2020,7/22/1986,mbaalld
772,Oliviero,Fenne,ofennele@privacy.gov.au,2,38.188.217.36,771,8/13/2020,6/20/1973,ofennele
773,Hershel,McCloid,hmccloidlf@nyu.edu,2,0.193.239.121,772,8/4/2020,1/10/1989,hmccloidlf
774,Peterus,Tow,ptowlg@google.co.jp,2,127.160.78.113,773,4/8/2020,12/2/1945,ptowlg
775,Horatia,Chantrell,hchantrelllh@narod.ru,1,168.13.102.8,774,2/20/2021,2/8/1987,hchantrelllh
776,Wolfgang,Handrock,whandrockli@t-online.de,1,129.243.169.60,775,9/25/2020,4/21/1967,whandrockli
777,Lyndsie,Ashwell,lashwelllj@gov.uk,2,145.114.42.220,776,1/29/2021,8/24/1954,lashwelllj
778,Tallie,Cunah,tcunahlk@pen.io,1,96.219.57.250,777,4/16/2020,6/16/1969,tcunahlk
779,Elianore,Pinshon,epinshonll@nsw.gov.au,1,218.169.211.212,778,3/26/2020,8/17/1966,epinshonll
780,Roxanne,Karolowski,rkarolowskilm@163.com,1,1.202.212.255,779,7/23/2020,4/7/1962,rkarolowskilm
781,Fidel,Bedinham,fbedinhamln@spiegel.de,1,160.164.43.12,780,12/11/2020,3/4/1953,fbedinhamln
782,Valida,Levensky,vlevenskylo@nature.com,1,188.70.247.182,781,10/8/2020,2/9/1997,vlevenskylo
783,Caz,Sirette,csirettelp@sphinn.com,2,64.123.41.58,782,1/25/2021,6/7/1948,csirettelp
784,Allister,Batting,abattinglq@wikipedia.org,2,32.123.71.33,783,7/5/2020,5/1/1976,abattinglq
785,Analise,Osmar,aosmarlr@gnu.org,1,55.230.217.178,784,7/23/2020,12/16/1946,aosmarlr
786,Bastien,Joerning,bjoerningls@multiply.com,1,132.203.141.33,785,10/30/2020,1/18/1989,bjoerningls
787,Aurilia,Brazener,abrazenerlt@marketwatch.com,1,16.150.18.85,786,12/1/2020,11/19/1990,abrazenerlt
788,Franciskus,Oldale,foldalelu@amazon.de,1,93.47.73.111,787,8/10/2020,9/29/1977,foldalelu
789,Michele,Kears,mkearslv@jugem.jp,2,32.106.217.1,788,10/10/2020,10/29/1958,mkearslv
790,Murdoch,Noury,mnourylw@yellowpages.com,2,109.232.226.223,789,3/4/2021,9/28/1952,mnourylw
791,Robby,Couve,rcouvelx@soundcloud.com,1,173.220.14.202,790,3/19/2020,6/26/1943,rcouvelx
792,Caldwell,Rubrow,crubrowly@scribd.com,2,41.90.163.11,791,6/25/2020,2/26/1991,crubrowly
793,Lucita,Kyberd,lkyberdlz@tiny.cc,1,187.223.90.200,792,5/12/2020,5/8/1998,lkyberdlz
794,Gerianna,Kiggel,gkiggelm0@gmpg.org,2,91.200.195.108,793,10/8/2020,1/13/1961,gkiggelm0
795,Bree,McAne,bmcanem1@si.edu,2,16.206.222.73,794,2/16/2021,10/17/1964,bmcanem1
796,Elly,Tippett,etippettm2@wikimedia.org,1,94.57.14.116,795,1/15/2021,2/22/1962,etippettm2
797,Lonni,Seeks,lseeksm3@smugmug.com,2,47.181.109.157,796,8/21/2020,6/5/1998,lseeksm3
798,Ganny,Sheppard,gsheppardm4@miitbeian.gov.cn,1,183.211.74.139,797,8/12/2020,4/11/1945,gsheppardm4
799,Melany,Boustead,mbousteadm5@seattletimes.com,1,104.79.229.238,798,1/26/2021,2/5/1983,mbousteadm5
800,Benjamen,Trundell,btrundellm6@simplemachines.org,2,173.26.73.51,799,3/20/2020,6/16/1963,btrundellm6
801,Orsola,Brailsford,obrailsfordm7@parallels.com,1,160.95.131.187,800,11/2/2020,9/24/1986,obrailsfordm7
802,Reggi,De Roberto,rderobertom8@blogspot.com,2,123.94.57.6,801,10/30/2020,12/25/1967,rderobertom8
803,Holt,Artharg,harthargm9@timesonline.co.uk,2,176.121.171.160,802,11/23/2020,10/27/1943,harthargm9
804,Berget,Wardlow,bwardlowma@homestead.com,2,249.204.7.108,803,7/22/2020,10/26/1946,bwardlowma
805,Boris,Winslett,bwinslettmb@salon.com,1,66.204.14.219,804,2/1/2021,7/31/1992,bwinslettmb
806,Silvan,Ledgard,sledgardmc@globo.com,2,55.15.251.104,805,3/2/2021,2/18/1984,sledgardmc
807,Yetty,Andreix,yandreixmd@canalblog.com,1,171.201.160.29,806,12/2/2020,2/6/1949,yandreixmd
808,Theda,Dossantos,tdossantosme@slideshare.net,2,95.191.203.231,807,12/7/2020,1/29/1952,tdossantosme
809,Irma,Zamudio,izamudiomf@reference.com,1,211.204.129.28,808,6/21/2020,1/11/1962,izamudiomf
810,Sherlocke,Varlow,svarlowmg@hexun.com,2,213.236.67.5,809,8/29/2020,2/28/1998,svarlowmg
811,Reinold,Robertucci,rrobertuccimh@etsy.com,2,223.164.237.26,810,7/17/2020,2/18/1996,rrobertuccimh
812,Rufus,Kevis,rkevismi@google.com.hk,2,180.93.18.158,811,1/16/2021,9/15/1941,rkevismi
813,Tibold,Bird,tbirdmj@illinois.edu,2,4.83.83.172,812,4/29/2020,11/17/1959,tbirdmj
814,Lennard,Matityahu,lmatityahumk@webmd.com,2,228.211.152.13,813,9/23/2020,6/20/1946,lmatityahumk
815,Flo,Lannin,flanninml@miitbeian.gov.cn,1,142.102.121.183,814,12/14/2020,6/7/1953,flanninml
816,Chantal,Kave,ckavemm@bbb.org,1,38.95.247.37,815,8/6/2020,3/30/1947,ckavemm
817,Bertie,Dunlop,bdunlopmn@free.fr,1,28.94.41.213,816,9/29/2020,2/17/1950,bdunlopmn
818,Fabio,Shotter,fshottermo@economist.com,1,218.134.245.115,817,10/8/2020,12/6/1949,fshottermo
819,Jojo,Crayden,jcraydenmp@google.com.hk,2,126.20.103.79,818,8/11/2020,2/18/1949,jcraydenmp
820,Rosa,Nickols,rnickolsmq@apple.com,2,213.114.92.112,819,4/2/2020,1/11/1990,rnickolsmq
821,Willem,Couling,wcoulingmr@tinypic.com,2,129.224.65.247,820,1/9/2021,5/17/1962,wcoulingmr
822,Bartholomeo,Fegan,bfeganms@ask.com,2,19.14.184.138,821,4/24/2020,11/16/1963,bfeganms
823,Modesta,Gradly,mgradlymt@soup.io,1,134.117.135.218,822,12/2/2020,5/27/1959,mgradlymt
824,Blondie,Vasovic,bvasovicmu@un.org,2,224.96.116.144,823,8/26/2020,6/13/1967,bvasovicmu
825,Arnuad,Haverson,ahaversonmv@bloglines.com,2,81.13.57.178,824,7/28/2020,7/3/1987,ahaversonmv
826,Vanya,MacAughtrie,vmacaughtriemw@seesaa.net,2,237.169.180.138,825,11/27/2020,9/3/1984,vmacaughtriemw
827,Darnall,Brandolini,dbrandolinimx@privacy.gov.au,2,93.85.29.155,826,8/3/2020,10/30/1965,dbrandolinimx
828,Doralynn,Bilson,dbilsonmy@4shared.com,1,166.250.222.55,827,5/25/2020,9/10/1942,dbilsonmy
829,Lynn,Throssell,lthrossellmz@amazonaws.com,2,168.89.237.113,828,9/18/2020,6/23/1991,lthrossellmz
830,Carmella,Spindler,cspindlern0@mashable.com,1,32.225.232.193,829,3/2/2021,12/26/1980,cspindlern0
831,Calla,Hackett,chackettn1@infoseek.co.jp,1,104.128.119.190,830,3/20/2020,4/20/1958,chackettn1
832,Ashby,Wallas,awallasn2@de.vu,2,168.7.99.16,831,11/12/2020,4/19/1997,awallasn2
833,Magdaia,Bortolini,mbortolinin3@soup.io,2,26.121.32.177,832,6/6/2020,10/22/1989,mbortolinin3
834,Winifred,Macbane,wmacbanen4@un.org,1,118.151.219.224,833,5/10/2020,10/24/1993,wmacbanen4
835,Marje,Deignan,mdeignann5@scientificamerican.com,1,218.215.116.68,834,4/6/2020,2/10/1956,mdeignann5
836,Marie,McGaughey,mmcgaugheyn6@si.edu,2,13.59.101.64,835,8/5/2020,10/25/1994,mmcgaugheyn6
837,Ruggiero,Crumley,rcrumleyn7@ehow.com,2,57.47.45.186,836,1/5/2021,1/20/1941,rcrumleyn7
838,Garrick,Tomeo,gtomeon8@washingtonpost.com,2,75.134.247.152,837,5/9/2020,11/25/1958,gtomeon8
839,Beckie,Stendall,bstendalln9@spiegel.de,2,177.146.105.190,838,1/18/2021,7/10/1941,bstendalln9
840,Gabriela,Michurin,gmichurinna@rambler.ru,2,179.140.171.199,839,11/17/2020,12/16/1996,gmichurinna
841,Olvan,Northgraves,onorthgravesnb@hao123.com,1,224.208.93.63,840,12/5/2020,2/24/1971,onorthgravesnb
842,Shell,Bickerdike,sbickerdikenc@businessinsider.com,1,195.37.67.125,841,9/8/2020,7/25/1973,sbickerdikenc
843,Joscelin,Fairhead,jfairheadnd@wordpress.org,1,135.40.166.205,842,4/1/2020,1/30/1980,jfairheadnd
844,Marta,Boath,mboathne@uol.com.br,1,20.120.46.38,843,6/2/2020,11/29/1990,mboathne
845,Batholomew,Raggitt,braggittnf@squarespace.com,1,45.101.193.153,844,9/22/2020,12/2/1994,braggittnf
846,Johna,Keers,jkeersng@deliciousdays.com,2,219.124.77.90,845,8/29/2020,6/1/1972,jkeersng
847,Bibbye,Gover,bgovernh@foxnews.com,1,235.226.119.35,846,5/8/2020,2/26/1963,bgovernh
848,Evin,Brickner,ebricknerni@over-blog.com,1,69.107.178.112,847,4/18/2020,4/8/1946,ebricknerni
849,Viva,Gomme,vgommenj@shinystat.com,2,56.180.15.163,848,7/21/2020,10/31/1969,vgommenj
850,Vinnie,Vankeev,vvankeevnk@apple.com,1,174.101.187.27,849,7/9/2020,2/25/1963,vvankeevnk
851,Leesa,Baison,lbaisonnl@squarespace.com,1,52.79.69.233,850,12/1/2020,2/24/1958,lbaisonnl
852,Godwin,Hark,gharknm@flavors.me,2,56.242.182.26,851,10/26/2020,5/14/1955,gharknm
853,Mollee,Baxster,mbaxsternn@networkadvertising.org,1,44.111.255.41,852,6/30/2020,10/13/1970,mbaxsternn
854,Amargo,Fyfield,afyfieldno@ifeng.com,1,252.101.195.122,853,8/24/2020,12/15/1961,afyfieldno
855,Winni,Duker,wdukernp@engadget.com,2,230.160.66.120,854,4/27/2020,2/5/1942,wdukernp
856,Nadeen,Harman,nharmannq@instagram.com,1,10.202.248.120,855,9/9/2020,1/1/1941,nharmannq
857,Edithe,Oldmeadow,eoldmeadownr@vinaora.com,1,67.182.63.48,856,4/19/2020,4/15/1966,eoldmeadownr
858,Osbourne,Tregenza,otregenzans@odnoklassniki.ru,1,221.169.182.138,857,1/21/2021,6/17/1954,otregenzans
859,Audrie,Goldring,agoldringnt@ameblo.jp,1,207.139.213.128,858,7/31/2020,3/20/1953,agoldringnt
860,Philip,Arne,parnenu@psu.edu,1,188.149.138.31,859,8/16/2020,1/25/1997,parnenu
861,Cheston,Zielinski,czielinskinv@youtube.com,2,129.160.171.241,860,12/14/2020,11/23/1961,czielinskinv
862,Ingeborg,Seefus,iseefusnw@google.de,2,241.86.105.14,861,2/11/2021,6/10/1971,iseefusnw
863,Jae,Dimitresco,jdimitresconx@cpanel.net,2,141.32.6.105,862,9/6/2020,6/23/1970,jdimitresconx
864,Derrik,Sambeck,dsambeckny@hostgator.com,2,154.247.68.8,863,6/2/2020,3/2/1963,dsambeckny
865,Chlo,Rattenbury,crattenburynz@drupal.org,2,222.87.144.134,864,4/7/2020,11/3/1983,crattenburynz
866,Deidre,Abley,dableyo0@51.la,2,142.75.88.5,865,9/23/2020,4/23/1960,dableyo0
867,Amil,Bridson,abridsono1@over-blog.com,1,35.65.201.156,866,7/27/2020,6/17/1956,abridsono1
868,Rebbecca,Mabone,rmaboneo2@forbes.com,2,63.42.199.116,867,5/6/2020,3/9/1957,rmaboneo2
869,Katey,Aynscombe,kaynscombeo3@spotify.com,2,193.203.236.79,868,11/23/2020,2/6/1977,kaynscombeo3
870,Der,Rivers,driverso4@is.gd,1,126.223.207.130,869,10/16/2020,6/10/1974,driverso4
871,Delia,Phillipp,dphillippo5@histats.com,2,84.108.81.32,870,4/23/2020,6/29/1975,dphillippo5
872,Doris,Raeburn,draeburno6@who.int,1,64.155.150.189,871,8/29/2020,9/9/1988,draeburno6
873,Karlee,Billitteri,kbillitterio7@merriam-webster.com,2,129.162.174.230,872,10/19/2020,2/6/1955,kbillitterio7
874,Thia,Eckley,teckleyo8@dell.com,2,124.62.139.43,873,1/18/2021,3/3/1990,teckleyo8
875,Birch,Cuchey,bcucheyo9@chronoengine.com,2,19.244.72.241,874,5/9/2020,6/2/1942,bcucheyo9
876,Jeniffer,Inman,jinmanoa@comsenz.com,2,123.18.215.2,875,4/26/2020,4/8/1996,jinmanoa
877,Ephrayim,Cutmare,ecutmareob@uiuc.edu,1,214.158.108.49,876,2/13/2021,12/4/1994,ecutmareob
878,Brit,Mainland,bmainlandoc@liveinternet.ru,1,31.201.250.127,877,2/17/2021,1/13/1955,bmainlandoc
879,Lishe,Sherburn,lsherburnod@nydailynews.com,2,211.125.108.39,878,11/12/2020,1/1/1993,lsherburnod
880,Drona,Polfer,dpolferoe@odnoklassniki.ru,2,55.181.228.232,879,11/30/2020,4/3/1958,dpolferoe
881,Diandra,Beetham,dbeethamof@elegantthemes.com,2,142.92.118.171,880,5/27/2020,5/7/1962,dbeethamof
882,Orville,Stapells,ostapellsog@google.co.uk,1,109.137.171.188,881,6/8/2020,7/8/1995,ostapellsog
883,Austen,Klewer,akleweroh@skyrock.com,2,41.22.1.39,882,4/8/2020,12/17/1975,akleweroh
884,Sansone,Topping,stoppingoi@pinterest.com,2,45.48.11.166,883,9/27/2020,5/20/1977,stoppingoi
885,Terri,Trye,ttryeoj@cbc.ca,2,175.81.137.103,884,3/21/2020,8/22/1943,ttryeoj
886,Odessa,Martinovic,omartinovicok@toplist.cz,1,140.137.33.88,885,4/13/2020,6/20/1998,omartinovicok
887,Madalena,Insoll,minsollol@ustream.tv,1,110.210.31.38,886,11/19/2020,5/3/1981,minsollol
888,Isiahi,Marquese,imarqueseom@wiley.com,1,214.149.190.95,887,9/25/2020,12/3/1992,imarqueseom
889,Martguerita,Francesc,mfrancescon@cocolog-nifty.com,2,146.228.14.61,888,5/23/2020,4/6/1983,mfrancescon
890,Vilma,Tanser,vtanseroo@hhs.gov,2,180.235.205.7,889,2/18/2021,4/3/1944,vtanseroo
891,Luelle,Pitcaithly,lpitcaithlyop@sciencedaily.com,2,109.201.18.243,890,10/25/2020,7/16/1986,lpitcaithlyop
892,Deb,Kleynen,dkleynenoq@oakley.com,1,18.174.1.110,891,5/20/2020,3/21/1989,dkleynenoq
893,Donielle,Huison,dhuisonor@disqus.com,2,114.83.167.35,892,12/15/2020,9/3/1995,dhuisonor
894,Janean,Garci,jgarcios@desdev.cn,1,16.115.198.205,893,1/18/2021,3/29/1992,jgarcios
895,Evita,O'Meara,eomearaot@list-manage.com,2,83.209.113.197,894,8/24/2020,1/14/1984,eomearaot
896,Anabel,Pankethman,apankethmanou@freewebs.com,1,140.201.109.107,895,10/27/2020,9/29/1983,apankethmanou
897,Gusta,Trees,gtreesov@sphinn.com,2,138.232.168.226,896,7/16/2020,3/31/1953,gtreesov
898,Koenraad,Caldecot,kcaldecotow@indiatimes.com,2,109.25.76.36,897,9/25/2020,7/22/1998,kcaldecotow
899,Vachel,Wilkins,vwilkinsox@feedburner.com,1,230.90.187.76,898,10/7/2020,2/9/1981,vwilkinsox
900,Ashlen,Goodread,agoodreadoy@independent.co.uk,2,28.130.167.68,899,8/22/2020,5/19/1967,agoodreadoy
901,Sherwood,Kirk,skirkoz@yahoo.co.jp,2,111.159.17.89,900,5/25/2020,9/5/1983,skirkoz
902,Suzie,Pirt,spirtp0@umn.edu,2,194.150.1.102,901,7/19/2020,5/26/1968,spirtp0
903,Jenine,Degan,jdeganp1@netscape.com,2,128.178.31.125,902,3/6/2021,9/16/1963,jdeganp1
904,Kamillah,Gobert,kgobertp2@arstechnica.com,2,240.220.191.100,903,12/8/2020,7/25/1941,kgobertp2
905,Marnie,Gallico,mgallicop3@gizmodo.com,1,40.211.101.186,904,6/2/2020,11/22/1980,mgallicop3
906,Mab,Linck,mlinckp4@xrea.com,1,13.139.223.216,905,3/18/2020,11/11/1973,mlinckp4
907,Dacy,Denyagin,ddenyaginp5@amazon.co.jp,2,86.99.189.188,906,9/9/2020,2/2/1957,ddenyaginp5
908,Isabella,Robilart,irobilartp6@sakura.ne.jp,1,102.106.2.216,907,4/8/2020,5/14/1992,irobilartp6
909,Abba,Sambedge,asambedgep7@state.gov,2,144.64.247.110,908,7/19/2020,5/9/1979,asambedgep7
910,Ephrem,Ashbridge,eashbridgep8@flavors.me,2,47.118.78.18,909,9/6/2020,4/13/1968,eashbridgep8
911,Mohandis,Leddy,mleddyp9@wikimedia.org,1,177.218.60.15,910,7/28/2020,2/28/1970,mleddyp9
912,Maurits,Caslin,mcaslinpa@cafepress.com,2,116.39.185.252,911,6/6/2020,6/23/1982,mcaslinpa
913,Moyra,Bebis,mbebispb@auda.org.au,2,13.236.66.197,912,1/24/2021,10/5/1976,mbebispb
914,Johanna,Rangell,jrangellpc@i2i.jp,1,88.124.136.108,913,11/2/2020,8/18/1991,jrangellpc
915,Amery,Bourtoumieux,abourtoumieuxpd@ox.ac.uk,2,234.166.122.93,914,1/19/2021,5/24/1940,abourtoumieuxpd
916,Lucais,Greaser,lgreaserpe@google.com.au,1,137.4.223.166,915,11/19/2020,10/31/1948,lgreaserpe
917,Arlan,Whieldon,awhieldonpf@yandex.ru,1,94.253.231.77,916,9/27/2020,3/19/1959,awhieldonpf
918,Cos,Penas,cpenaspg@dot.gov,1,17.218.203.237,917,6/7/2020,5/21/1968,cpenaspg
919,Maddalena,Codrington,mcodringtonph@addthis.com,1,184.123.140.86,918,6/28/2020,3/13/1992,mcodringtonph
920,Mercedes,Scamadine,mscamadinepi@wordpress.org,1,119.225.156.240,919,7/15/2020,8/3/1947,mscamadinepi
921,Waverley,Ellington,wellingtonpj@bbb.org,1,233.223.173.192,920,1/19/2021,11/23/1955,wellingtonpj
922,Evita,Hurtado,ehurtadopk@oaic.gov.au,1,240.228.60.141,921,4/10/2020,10/27/1992,ehurtadopk
923,Alexandros,Filasov,afilasovpl@google.nl,2,48.50.191.214,922,2/21/2021,8/24/1950,afilasovpl
924,Renee,Enriques,renriquespm@t.co,2,179.4.89.180,923,11/4/2020,12/27/1940,renriquespm
925,Denys,Staining,dstainingpn@typepad.com,1,216.207.255.80,924,12/3/2020,12/6/1948,dstainingpn
926,Nicky,Garnar,ngarnarpo@arizona.edu,1,216.4.36.118,925,12/5/2020,8/4/1974,ngarnarpo
927,Korney,Hutson,khutsonpp@nifty.com,2,99.73.149.77,926,7/12/2020,9/3/1959,khutsonpp
928,Chalmers,Lansberry,clansberrypq@cisco.com,2,224.11.11.38,927,11/9/2020,4/10/1955,clansberrypq
929,Felic,Gillespie,fgillespiepr@bbb.org,1,27.207.1.152,928,8/19/2020,12/23/1949,fgillespiepr
930,Ewan,Roggerone,eroggeroneps@addtoany.com,2,78.112.161.17,929,4/13/2020,3/10/1982,eroggeroneps
931,Wyatt,Jennrich,wjennrichpt@seattletimes.com,2,8.219.63.105,930,11/13/2020,10/7/1960,wjennrichpt
932,Jedidiah,Binford,jbinfordpu@sphinn.com,1,22.89.193.99,931,12/9/2020,12/19/1946,jbinfordpu
933,Webb,Yosselevitch,wyosselevitchpv@imgur.com,1,77.159.243.144,932,3/28/2020,7/30/1976,wyosselevitchpv
934,Ab,Klimentov,aklimentovpw@fotki.com,1,85.131.162.174,933,10/14/2020,4/30/1996,aklimentovpw
935,Barton,Dies,bdiespx@google.com.au,1,192.188.148.193,934,8/7/2020,6/17/1985,bdiespx
936,Tan,Janak,tjanakpy@chron.com,1,12.21.219.47,935,9/11/2020,2/21/1946,tjanakpy
937,Maximilian,Reames,mreamespz@geocities.com,2,183.3.68.121,936,6/27/2020,12/4/1985,mreamespz
938,Gabriellia,Reightley,greightleyq0@cafepress.com,1,169.174.75.5,937,5/20/2020,10/24/1967,greightleyq0
939,Salome,Kinsett,skinsettq1@163.com,1,116.73.229.109,938,1/30/2021,6/3/1965,skinsettq1
940,Staford,Steutly,ssteutlyq2@narod.ru,2,118.248.115.65,939,12/7/2020,11/25/1997,ssteutlyq2
941,Hilarius,Woolager,hwoolagerq3@dropbox.com,1,72.71.215.95,940,8/9/2020,8/11/1955,hwoolagerq3
942,Michele,Getten,mgettenq4@cbsnews.com,1,96.51.37.51,941,7/25/2020,2/9/1988,mgettenq4
943,Alfonso,Dreakin,adreakinq5@hostgator.com,2,137.14.120.30,942,9/20/2020,9/18/1993,adreakinq5
944,Cleon,Longhi,clonghiq6@mlb.com,2,42.233.172.222,943,1/22/2021,6/17/1963,clonghiq6
945,Hanny,Stollwerck,hstollwerckq7@ucla.edu,2,4.71.55.246,944,12/14/2020,9/26/1975,hstollwerckq7
946,Dolf,Crockatt,dcrockattq8@nytimes.com,2,93.214.144.64,945,3/28/2020,9/14/1954,dcrockattq8
947,Patton,Machel,pmachelq9@goo.ne.jp,1,154.71.216.88,946,6/17/2020,4/28/1962,pmachelq9
948,Candide,Lemanu,clemanuqa@nps.gov,2,42.67.163.224,947,8/9/2020,7/27/1968,clemanuqa
949,Silvan,Lunbech,slunbechqb@netlog.com,2,8.50.198.45,948,6/25/2020,10/24/1955,slunbechqb
950,Craggie,McMeanma,cmcmeanmaqc@feedburner.com,2,37.75.32.17,949,12/26/2020,4/19/1950,cmcmeanmaqc
951,Patsy,McMoyer,pmcmoyerqd@networkadvertising.org,2,247.58.149.140,950,4/28/2020,6/2/1956,pmcmoyerqd
952,Liuka,Bygraves,lbygravesqe@illinois.edu,1,176.203.84.211,951,10/8/2020,4/23/1981,lbygravesqe
953,Daryn,Ipgrave,dipgraveqf@ucsd.edu,2,152.159.38.125,952,9/10/2020,9/1/1964,dipgraveqf
954,Leigh,Russo,lrussoqg@wp.com,1,188.98.214.4,953,6/30/2020,1/2/1947,lrussoqg
955,Jana,Bignall,jbignallqh@youku.com,1,58.167.83.7,954,6/1/2020,6/28/1979,jbignallqh
956,Davy,Selvester,dselvesterqi@list-manage.com,2,206.132.161.208,955,9/4/2020,8/7/1982,dselvesterqi
957,Elianore,Goch,egochqj@usgs.gov,2,21.66.87.132,956,9/14/2020,11/22/1975,egochqj
958,Christian,Budge,cbudgeqk@jimdo.com,2,70.145.184.104,957,8/22/2020,10/28/1972,cbudgeqk
959,Vaughn,Goldis,vgoldisql@squarespace.com,1,176.189.203.134,958,3/2/2021,6/18/1946,vgoldisql
960,Cris,Pachta,cpachtaqm@elegantthemes.com,1,116.60.216.75,959,10/3/2020,7/19/1996,cpachtaqm
961,Karia,Haselwood,khaselwoodqn@1688.com,1,115.39.213.174,960,6/12/2020,10/10/1942,khaselwoodqn
962,Almeda,Leamon,aleamonqo@foxnews.com,1,218.41.120.59,961,4/6/2020,2/1/1976,aleamonqo
963,Say,Delue,sdelueqp@hao123.com,1,146.215.105.227,962,9/22/2020,1/14/1942,sdelueqp
964,Rossie,Etchells,retchellsqq@berkeley.edu,1,228.65.119.64,963,2/4/2021,3/24/1995,retchellsqq
965,Bald,Frary,bfraryqr@google.fr,2,162.240.227.197,964,1/30/2021,4/5/1990,bfraryqr
966,Tabbi,McCafferky,tmccafferkyqs@princeton.edu,1,123.72.214.194,965,9/16/2020,12/23/1967,tmccafferkyqs
967,Jacquetta,Ottiwill,jottiwillqt@technorati.com,1,165.193.193.72,966,10/4/2020,10/5/1994,jottiwillqt
968,Mina,Gillam,mgillamqu@addtoany.com,2,181.138.118.103,967,9/21/2020,9/6/1972,mgillamqu
969,Nestor,Vallantine,nvallantineqv@spiegel.de,2,111.254.180.183,968,9/23/2020,6/7/1955,nvallantineqv
970,Melitta,Cracknell,mcracknellqw@smh.com.au,2,177.20.153.244,969,10/16/2020,9/4/1961,mcracknellqw
971,Toby,Ipsly,tipslyqx@google.nl,1,164.163.42.168,970,4/2/2020,4/21/1967,tipslyqx
972,Evelyn,Meiklejohn,emeiklejohnqy@boston.com,2,67.179.189.147,971,3/9/2021,4/14/1985,emeiklejohnqy
973,Gabbie,Dombrell,gdombrellqz@ezinearticles.com,2,76.13.21.70,972,2/25/2021,12/18/1962,gdombrellqz
974,Dixie,Dobrowolski,ddobrowolskir0@dot.gov,2,17.220.89.23,973,3/25/2020,2/29/1968,ddobrowolskir0
975,Reinaldo,Magenny,rmagennyr1@privacy.gov.au,1,120.151.155.24,974,6/27/2020,1/6/1996,rmagennyr1
976,Theobald,Carvill,tcarvillr2@prnewswire.com,1,155.67.164.169,975,5/18/2020,2/2/1942,tcarvillr2
977,Haskel,Rayman,hraymanr3@china.com.cn,1,247.224.29.27,976,8/9/2020,4/18/1968,hraymanr3
978,Mateo,Strahan,mstrahanr4@archive.org,1,44.215.121.65,977,10/5/2020,1/17/1974,mstrahanr4
979,Evaleen,Cathee,ecatheer5@netvibes.com,2,111.37.179.166,978,8/14/2020,12/7/1989,ecatheer5
980,Isa,Backe,ibacker6@reverbnation.com,2,106.83.220.96,979,1/1/2021,2/18/1972,ibacker6
981,Sonja,Dumphy,sdumphyr7@over-blog.com,2,196.42.123.26,980,7/8/2020,2/17/1955,sdumphyr7
982,Felicity,Sparke,fsparker8@princeton.edu,2,157.226.8.47,981,3/30/2020,1/16/1945,fsparker8
983,Vernen,Castillo,vcastillor9@zimbio.com,1,212.185.2.14,982,12/8/2020,7/16/1971,vcastillor9
984,Trudi,Soitoux,tsoitouxra@cbslocal.com,1,101.214.19.112,983,7/4/2020,2/13/1962,tsoitouxra
985,Eal,Ford,efordrb@chronoengine.com,1,136.213.151.54,984,5/5/2020,11/5/1947,efordrb
986,Bobinette,Birtwell,bbirtwellrc@woothemes.com,1,61.233.80.212,985,8/11/2020,1/30/1949,bbirtwellrc
987,Adrianne,Dimitru,adimitrurd@ameblo.jp,1,57.225.38.160,986,2/8/2021,1/12/1970,adimitrurd
988,Jens,McKeaney,jmckeaneyre@prweb.com,1,165.171.66.123,987,5/31/2020,9/8/1997,jmckeaneyre
989,Kassey,Duddell,kduddellrf@adobe.com,1,57.174.63.56,988,5/14/2020,2/25/1989,kduddellrf
990,Lacee,Puve,lpuverg@nationalgeographic.com,2,49.39.197.15,989,7/14/2020,2/1/1950,lpuverg
991,Brunhilde,Maddie,bmaddierh@epa.gov,1,3.116.24.157,990,11/6/2020,4/2/1988,bmaddierh
992,Gerda,Gutherson,gguthersonri@ameblo.jp,2,172.177.213.163,991,2/2/2021,1/16/1955,gguthersonri
993,Ferris,Hanshawe,fhanshawerj@admin.ch,1,69.246.155.144,992,7/20/2020,6/4/1972,fhanshawerj
994,Reinold,Sarfatti,rsarfattirk@nyu.edu,1,134.207.114.216,993,6/22/2020,3/20/1976,rsarfattirk
995,Antons,Scamaden,ascamadenrl@mac.com,1,208.81.214.227,994,3/9/2021,2/24/1962,ascamadenrl
996,Timotheus,Wasiel,twasielrm@amazon.com,1,122.136.251.130,995,9/6/2020,4/24/1940,twasielrm
997,Devonne,Stave,dstavern@unc.edu,2,143.32.236.100,996,7/14/2020,1/28/1973,dstavern
998,Siobhan,Deaconson,sdeaconsonro@webnode.com,1,238.17.179.207,997,4/16/2020,3/17/1950,sdeaconsonro
999,Claudelle,Baton,cbatonrp@apache.org,1,249.131.3.202,998,12/8/2020,11/12/1959,cbatonrp
1000,Ulrike,Bodham,ubodhamrq@bloglines.com,1,209.85.165.151,999,4/25/2020,9/10/1974,ubodhamrq
1001,Bridgette,Gasgarth,bgasgarthrr@columbia.edu,1,44.169.164.245,1000,9/25/2020,7/24/1960,bgasgarthrr
